{
  "preset_info": {
    "title": "installgentoo",
    "description": "",
    "author": "ensorcell",
    "email": "",
    "archive": "kfile://org.kustom.sdcard.000/wallpapers/installgentoo.klwp.zip/",
    "version": 9,
    "width": 540,
    "height": 960
  },
  "preset_root": {
    "internal_type": "RootLayerModule",
    "background_bitmap": "kfile://org.kustom.provider/bitmaps/IMGe28042f57d9bfc4424ca33ca711146b4",
    "globals_list": {
      "font": {
        "index": 4,
        "type": "FONT",
        "title": "font",
        "value": "kfile://org.kustom.provider/fonts/icons/Material.ttf"
      },
      "size": {
        "index": 8,
        "type": "NUMBER",
        "title": "size",
        "min": 0,
        "max": 100,
        "value": 30.0
      },
      "name": {
        "index": 9,
        "type": "COLOR",
        "title": "name",
        "value": "#FF107748"
      },
      "quote": {
        "index": 10,
        "type": "COLOR",
        "title": "quote",
        "value": "#FF869921"
      },
      "text": {
        "index": 11,
        "type": "COLOR",
        "title": "text",
        "value": "#FF000000"
      }
    },
    "background_scroll": "NONE",
    "background_color": "#FFEEF3FF",
    "viewgroup_items": [
      {
        "internal_type": "OverlapLayerModule",
        "position_offset_y": 20.0,
        "internal_title": "1",
        "viewgroup_items": [
          {
            "internal_type": "ShapeModule",
            "position_anchor": "TOP",
            "shape_type": "RECT",
            "shape_width": 680.0,
            "shape_height": 180.0,
            "paint_color": "#FFD6DAF0",
            "fx_shadow": "OUTER",
            "fx_shadow_direction": 315.0,
            "fx_shadow_distance": 3.0,
            "fx_shadow_blur": 1,
            "fx_shadow_color": "#FFB7C5D9"
          },
          {
            "internal_type": "TextModule",
            "internal_toggles": {
              "text_family": 100,
              "text_size": 100,
              "paint_color": 100
            },
            "internal_globals": {
              "text_family": "font",
              "text_size": "size",
              "paint_color": "name"
            },
            "position_padding_left": 10.0,
            "position_anchor": "TOPLEFT",
            "text_expression": "Anonymous",
            "text_size": 30.0,
            "paint_color": "#FF117748"
          },
          {
            "internal_type": "TextModule",
            "internal_toggles": {
              "text_family": 100,
              "text_size": 100,
              "paint_color": 100
            },
            "internal_globals": {
              "text_family": "font",
              "text_size": "size",
              "paint_color": "text"
            },
            "position_padding_left": 165.0,
            "position_padding_top": 0.0,
            "position_anchor": "TOPLEFT",
            "text_expression": "3 hours ago",
            "paint_color": "#FF000000"
          },
          {
            "internal_type": "TextModule",
            "position_anchor": "TOPRIGHT",
            "text_expression": "It\u0027s $df(h:mm a)$, $df(MMMM d)$ and there\u0027s people not using arch",
            "text_size_type": "FIXED_WIDTH",
            "text_size": 30.0,
            "text_width": 520.0,
            "text_family": "kfile://org.kustom.provider/fonts/icons/Material.ttf",
            "position_padding_top": 40.0,
            "internal_toggles": {
              "text_family": 100,
              "text_size": 100,
              "paint_color": 100
            },
            "internal_globals": {
              "text_family": "font",
              "text_size": "size",
              "paint_color": "text"
            },
            "position_padding_left": 0.0,
            "position_padding_right": 10.0,
            "position_padding_bottom": 0.0,
            "paint_color": "#FF869922"
          },
          {
            "internal_type": "BitmapModule",
            "position_padding_left": 10.0,
            "position_padding_top": 40.0,
            "position_anchor": "TOPLEFT",
            "bitmap_bitmap": "kfile://org.kustom.provider/bitmaps/IMG94b541739db4e234a9340c6f2c4deb68",
            "bitmap_width": 125.0
          }
        ]
      },
      {
        "internal_type": "OverlapLayerModule",
        "position_offset_y": 220.0,
        "internal_title": "2",
        "viewgroup_items": [
          {
            "internal_type": "ShapeModule",
            "position_anchor": "TOP",
            "shape_type": "RECT",
            "shape_width": 680.0,
            "shape_height": 160.0,
            "paint_color": "#FFD6DAF0",
            "fx_shadow": "OUTER",
            "fx_shadow_direction": 315.0,
            "fx_shadow_distance": 3.0,
            "fx_shadow_blur": 1,
            "fx_shadow_color": "#FFB7C5D9"
          },
          {
            "internal_type": "TextModule",
            "internal_toggles": {
              "text_family": 100,
              "text_size": 100,
              "paint_color": 100
            },
            "internal_globals": {
              "text_family": "font",
              "text_size": "size",
              "paint_color": "name"
            },
            "position_padding_left": 10.0,
            "position_anchor": "TOPLEFT",
            "text_expression": "Anonymous",
            "text_size": 30.0,
            "paint_color": "#FF117748"
          },
          {
            "internal_type": "TextModule",
            "internal_toggles": {
              "text_family": 100,
              "text_size": 100,
              "paint_color": 100
            },
            "internal_globals": {
              "text_family": "font",
              "text_size": "size",
              "paint_color": "text"
            },
            "position_padding_left": 165.0,
            "position_padding_top": 0.0,
            "position_anchor": "TOPLEFT",
            "text_expression": "1 hour ago",
            "paint_color": "#FF000000"
          },
          {
            "internal_type": "TextModule",
            "position_anchor": "TOPRIGHT",
            "text_expression": "$if(bi(charging)\u003d0,\"\u003ehe\u0027s not even charging\",\"\u003ehe finally charges his phone\")$",
            "text_size_type": "FIXED_WIDTH",
            "text_size": 30.0,
            "text_width": 520.0,
            "text_family": "kfile://org.kustom.provider/fonts/icons/Material.ttf",
            "position_padding_top": 40.0,
            "internal_toggles": {
              "text_family": 100,
              "text_size": 100,
              "paint_color": 100
            },
            "internal_globals": {
              "text_family": "font",
              "text_size": "size",
              "paint_color": "quote"
            },
            "position_padding_left": 0.0,
            "position_padding_right": 10.0,
            "position_padding_bottom": 0.0,
            "paint_color": "#FF869922"
          },
          {
            "internal_type": "TextModule",
            "position_anchor": "TOPRIGHT",
            "text_expression": "$if(bi(level) \u003d 100, \"\u003ehe charges to full battery\", if(bi(level) \u003c\u003d50, \"\u003ehe only has \"+bi(level)+\"% battery\", (\"\u003ehe has \" +bi(level)+\"% battery\")))$",
            "text_size_type": "FIXED_WIDTH",
            "text_size": 30.0,
            "text_width": 520.0,
            "text_family": "kfile://org.kustom.provider/fonts/icons/Material.ttf",
            "position_padding_top": 75.0,
            "internal_toggles": {
              "text_family": 100,
              "text_size": 100,
              "paint_color": 100
            },
            "internal_globals": {
              "text_family": "font",
              "text_size": "size",
              "paint_color": "quote"
            },
            "position_padding_left": 0.0,
            "position_padding_right": 10.0,
            "position_padding_bottom": 0.0,
            "paint_color": "#FF869922"
          },
          {
            "internal_type": "BitmapModule",
            "position_padding_left": 10.0,
            "position_padding_top": 40.0,
            "position_anchor": "TOPLEFT",
            "bitmap_bitmap": "kfile://org.kustom.provider/bitmaps/IMG204460de5b631eaa84e88cfb34112ac3",
            "bitmap_width": 125.0
          }
        ]
      },
      {
        "internal_type": "OverlapLayerModule",
        "position_offset_y": 400.0,
        "internal_title": "3",
        "viewgroup_items": [
          {
            "internal_type": "ShapeModule",
            "position_anchor": "TOP",
            "shape_type": "RECT",
            "shape_width": 680.0,
            "shape_height": 180.0,
            "paint_color": "#FFD6DAF0",
            "fx_shadow": "OUTER",
            "fx_shadow_direction": 315.0,
            "fx_shadow_distance": 3.0,
            "fx_shadow_blur": 1,
            "fx_shadow_color": "#FFB7C5D9"
          },
          {
            "internal_type": "TextModule",
            "internal_toggles": {
              "text_family": 100,
              "text_size": 100,
              "paint_color": 100
            },
            "internal_globals": {
              "text_family": "font",
              "text_size": "size",
              "paint_color": "name"
            },
            "position_padding_left": 10.0,
            "position_anchor": "TOPLEFT",
            "text_expression": "Anonymous",
            "text_size": 30.0,
            "paint_color": "#FF117748"
          },
          {
            "internal_type": "TextModule",
            "internal_toggles": {
              "text_family": 100,
              "text_size": 100,
              "paint_color": 100
            },
            "internal_globals": {
              "text_family": "font",
              "text_size": "size",
              "paint_color": "text"
            },
            "position_padding_left": 165.0,
            "position_padding_top": 0.0,
            "position_anchor": "TOPLEFT",
            "text_expression": "17 minutes ago",
            "paint_color": "#FF000000"
          },
          {
            "internal_type": "TextModule",
            "position_anchor": "TOPRIGHT",
            "text_expression": "My wifi is $nc(wspeed)$ Mbps, is that fast enough to run stream Love Live School Idol?",
            "text_size_type": "FIXED_WIDTH",
            "text_size": 30.0,
            "text_width": 520.0,
            "text_family": "kfile://org.kustom.provider/fonts/icons/Material.ttf",
            "position_padding_top": 40.0,
            "internal_toggles": {
              "text_family": 100,
              "text_size": 100,
              "paint_color": 100
            },
            "internal_globals": {
              "text_family": "font",
              "text_size": "size",
              "paint_color": "text"
            },
            "position_padding_left": 0.0,
            "position_padding_right": 10.0,
            "position_padding_bottom": 0.0,
            "paint_color": "#FF869922"
          },
          {
            "internal_type": "BitmapModule",
            "position_padding_left": 10.0,
            "position_padding_top": 40.0,
            "position_anchor": "TOPLEFT",
            "bitmap_bitmap": "kfile://org.kustom.provider/bitmaps/IMGdc70906b6b2287bd5cacfa37f2222e5d",
            "bitmap_width": 125.0
          }
        ]
      },
      {
        "internal_type": "OverlapLayerModule",
        "position_offset_y": 600.0,
        "internal_title": "4",
        "viewgroup_items": [
          {
            "internal_type": "ShapeModule",
            "position_anchor": "TOP",
            "shape_type": "RECT",
            "shape_width": 680.0,
            "shape_height": 200.0,
            "paint_color": "#FFD6DAF0",
            "fx_shadow": "OUTER",
            "fx_shadow_direction": 315.0,
            "fx_shadow_distance": 3.0,
            "fx_shadow_blur": 1,
            "fx_shadow_color": "#FFB7C5D9"
          },
          {
            "internal_type": "TextModule",
            "internal_toggles": {
              "text_family": 100,
              "text_size": 100,
              "paint_color": 100
            },
            "internal_globals": {
              "text_family": "font",
              "text_size": "size",
              "paint_color": "name"
            },
            "position_padding_left": 10.0,
            "position_anchor": "TOPLEFT",
            "text_expression": "Anonymous",
            "text_size": 30.0,
            "paint_color": "#FF117748"
          },
          {
            "internal_type": "TextModule",
            "internal_toggles": {
              "text_family": 100,
              "text_size": 100,
              "paint_color": 100
            },
            "internal_globals": {
              "text_family": "font",
              "text_size": "size",
              "paint_color": "text"
            },
            "position_padding_left": 165.0,
            "position_padding_top": 0.0,
            "position_anchor": "TOPLEFT",
            "text_expression": "44 minutes ago",
            "paint_color": "#FF000000"
          },
          {
            "internal_type": "TextModule",
            "position_anchor": "TOPRIGHT",
            "text_expression": "\u003enot knowing that today\u0027s temperature is $wi(flik)$°$wi(tempu)$",
            "text_size_type": "FIXED_WIDTH",
            "text_size": 30.0,
            "text_width": 520.0,
            "text_family": "kfile://org.kustom.provider/fonts/icons/Material.ttf",
            "position_padding_top": 40.0,
            "internal_toggles": {
              "text_family": 100,
              "text_size": 100,
              "paint_color": 100
            },
            "internal_globals": {
              "text_family": "font",
              "text_size": "size",
              "paint_color": "quote"
            },
            "position_padding_left": 0.0,
            "position_padding_right": 10.0,
            "position_padding_bottom": 0.0,
            "paint_color": "#FF869922",
            "text_lines": 2.0
          },
          {
            "internal_type": "TextModule",
            "position_anchor": "TOPRIGHT",
            "text_expression": "He hasnt even checked since $tc(low,tf(wi(updated)))$ lmao",
            "text_size_type": "FIXED_WIDTH",
            "text_size": 30.0,
            "text_width": 520.0,
            "text_family": "kfile://org.kustom.provider/fonts/icons/Material.ttf",
            "position_padding_top": 115.0,
            "internal_toggles": {
              "text_family": 100,
              "text_size": 100,
              "paint_color": 100
            },
            "internal_globals": {
              "text_family": "font",
              "text_size": "size",
              "paint_color": "text"
            },
            "position_padding_left": 0.0,
            "position_padding_right": 10.0,
            "position_padding_bottom": 0.0,
            "paint_color": "#FF869922",
            "text_lines": 2.0
          },
          {
            "internal_type": "BitmapModule",
            "position_padding_left": 10.0,
            "position_padding_top": 40.0,
            "position_anchor": "TOPLEFT",
            "bitmap_bitmap": "kfile://org.kustom.provider/bitmaps/IMGfd08637fd23b4aa98dfd67f1402a51f1",
            "bitmap_width": 125.0
          }
        ]
      },
      {
        "internal_type": "OverlapLayerModule",
        "position_offset_y": 820.0,
        "internal_title": "5",
        "viewgroup_items": [
          {
            "internal_type": "ShapeModule",
            "position_anchor": "TOP",
            "shape_type": "RECT",
            "shape_width": 680.0,
            "shape_height": 240.0,
            "paint_color": "#FFD6DAF0",
            "fx_shadow": "OUTER",
            "fx_shadow_direction": 315.0,
            "fx_shadow_distance": 3.0,
            "fx_shadow_blur": 1,
            "fx_shadow_color": "#FFB7C5D9"
          },
          {
            "internal_type": "TextModule",
            "internal_toggles": {
              "text_family": 100,
              "text_size": 100,
              "paint_color": 100
            },
            "internal_globals": {
              "text_family": "font",
              "text_size": "size",
              "paint_color": "name"
            },
            "position_padding_left": 10.0,
            "position_anchor": "TOPLEFT",
            "text_expression": "Anonymous",
            "text_size": 30.0,
            "paint_color": "#FF117748"
          },
          {
            "internal_type": "TextModule",
            "internal_toggles": {
              "text_family": 100,
              "text_size": 100,
              "paint_color": 100
            },
            "internal_globals": {
              "text_family": "font",
              "text_size": "size",
              "paint_color": "text"
            },
            "position_padding_left": 165.0,
            "position_padding_top": 0.0,
            "position_anchor": "TOPLEFT",
            "text_expression": "3 minutes ago",
            "paint_color": "#FF000000"
          },
          {
            "internal_type": "TextModule",
            "position_anchor": "TOPRIGHT",
            "text_expression": "\u003ehe doesn\u0027t know that the weather right now is $tc(low,wi(cond))$",
            "text_size_type": "FIXED_WIDTH",
            "text_size": 30.0,
            "text_width": 520.0,
            "text_family": "kfile://org.kustom.provider/fonts/icons/Material.ttf",
            "position_padding_top": 40.0,
            "internal_toggles": {
              "text_family": 100,
              "text_size": 100,
              "paint_color": 100
            },
            "internal_globals": {
              "text_family": "font",
              "text_size": "size",
              "paint_color": "quote"
            },
            "position_padding_left": 0.0,
            "position_padding_right": 10.0,
            "position_padding_bottom": 0.0,
            "paint_color": "#FF869922",
            "text_lines": 2.0
          },
          {
            "internal_type": "TextModule",
            "position_anchor": "TOPRIGHT",
            "text_expression": "\u003ehe thinks that tomorrow won\u0027t be $tc(low,wf(cond, 1))$",
            "text_size_type": "FIXED_WIDTH",
            "text_size": 30.0,
            "text_width": 520.0,
            "text_family": "kfile://org.kustom.provider/fonts/icons/Material.ttf",
            "position_padding_top": 115.0,
            "internal_toggles": {
              "text_family": 100,
              "text_size": 100,
              "paint_color": 100
            },
            "internal_globals": {
              "text_family": "font",
              "text_size": "size",
              "paint_color": "quote"
            },
            "position_padding_left": 0.0,
            "position_padding_right": 10.0,
            "position_padding_bottom": 0.0,
            "paint_color": "#FF869922"
          },
          {
            "internal_type": "BitmapModule",
            "position_padding_left": 10.0,
            "position_padding_top": 40.0,
            "position_anchor": "TOPLEFT",
            "bitmap_bitmap": "kfile://org.kustom.provider/bitmaps/IMGd826cd568ad152d6456bf49ac3611a8e",
            "bitmap_width": 125.0
          },
          {
            "internal_type": "KomponentModule",
            "internal_title": "WeatherIconImage",
            "globals_list": {
              "icon": {
                "index": 1,
                "type": "LIST",
                "title": "Icon",
                "entries": "\"$wi(icon)$\"##Current,\"$wf(icon, 0)$\"##Today Forecast,\"$wf(icon, 1)$\"##Tomorrow Forecast,\"$wf(icon, 2)$\"##2 Days Forecast,\"$wf(icon, 3)$\"##3 Days Forecast,\"$wf(icon, 4)$\"##4 Days Forecast,\"$wf(icon, 5)$\"##5 Days Forecast,\"$wf(icon, 6)$\"##6 Days Forecast,\"$wf(icon, 7)$\"##7 Days Forecast,\"$wf(icon, 8)$\"##8 Days Forecast,\"$wf(icon, 9)$\"##9 Days Forecast",
                "value": "$wi(icon)$"
              },
              "nightico": {
                "index": 2,
                "type": "SWITCH",
                "title": "NightIco",
                "value": 1
              },
              "scale": {
                "index": 3,
                "type": "NUMBER",
                "title": "Scale",
                "min": 20,
                "max": 500,
                "value": 65.0
              }
            },
            "internal_locked": "true",
            "position_padding_left": 70.0,
            "position_padding_top": 100.0,
            "position_anchor": "TOPLEFT",
            "viewgroup_items": [
              {
                "internal_type": "OverlapLayerModule",
                "internal_title": "Bitmaps",
                "internal_toggles": {
                  "config_scale_value": 100
                },
                "internal_globals": {
                  "config_scale_value": "scale"
                },
                "viewgroup_items": [
                  {
                    "internal_type": "BitmapModule",
                    "internal_title": "Clear Day",
                    "internal_toggles": {
                      "bitmap_alpha": 10
                    },
                    "internal_formulas": {
                      "bitmap_alpha": "$if(gv(icon)\u003dclear \u0026 (ai(isday)\u003d1 | gv(nightico)\u003d0), 100, 0)$"
                    },
                    "bitmap_bitmap": "kfile://org.kustom.provider/bitmaps/clear-day.png"
                  },
                  {
                    "internal_type": "BitmapModule",
                    "internal_title": "Clear Night",
                    "internal_toggles": {
                      "bitmap_alpha": 10
                    },
                    "internal_formulas": {
                      "bitmap_alpha": "$if(gv(icon)\u003dclear \u0026 (ai(isday)\u003d0 \u0026 gv(nightico)\u003d1), 100, 0)$"
                    },
                    "bitmap_bitmap": "kfile://org.kustom.provider/bitmaps/clear-night.png"
                  },
                  {
                    "internal_type": "BitmapModule",
                    "internal_title": "Fog Day",
                    "internal_toggles": {
                      "bitmap_alpha": 10
                    },
                    "internal_formulas": {
                      "bitmap_alpha": "$if(gv(icon)\u003dfog \u0026 (ai(isday)\u003d1 | gv(nightico)\u003d0), 100, 0)$"
                    },
                    "bitmap_bitmap": "kfile://org.kustom.provider/bitmaps/fog-day.png"
                  },
                  {
                    "internal_type": "BitmapModule",
                    "internal_title": "Fog Night",
                    "internal_toggles": {
                      "bitmap_alpha": 10
                    },
                    "internal_formulas": {
                      "bitmap_alpha": "$if(gv(icon)\u003dfog \u0026 (ai(isday)\u003d0 \u0026 gv(nightico)\u003d1), 100, 0)$"
                    },
                    "bitmap_bitmap": "kfile://org.kustom.provider/bitmaps/fog-night.png"
                  },
                  {
                    "internal_type": "BitmapModule",
                    "internal_title": "Hail Day",
                    "internal_toggles": {
                      "bitmap_alpha": 10
                    },
                    "internal_formulas": {
                      "bitmap_alpha": "$if(gv(icon)\u003dhail \u0026 (ai(isday)\u003d1 | gv(nightico)\u003d0), 100, 0)$"
                    },
                    "bitmap_bitmap": "kfile://org.kustom.provider/bitmaps/hail-day.png"
                  },
                  {
                    "internal_type": "BitmapModule",
                    "internal_title": "Hail Night",
                    "internal_toggles": {
                      "bitmap_alpha": 10
                    },
                    "internal_formulas": {
                      "bitmap_alpha": "$if(gv(icon)\u003dhail \u0026 (ai(isday)\u003d0 \u0026 gv(nightico)\u003d1), 100, 0)$"
                    },
                    "bitmap_bitmap": "kfile://org.kustom.provider/bitmaps/hail-night.png"
                  },
                  {
                    "internal_type": "BitmapModule",
                    "internal_title": "Light Snow Day",
                    "internal_toggles": {
                      "bitmap_alpha": 10
                    },
                    "internal_formulas": {
                      "bitmap_alpha": "$if(gv(icon)\u003dlsnow \u0026 (ai(isday)\u003d1 | gv(nightico)\u003d0), 100, 0)$"
                    },
                    "bitmap_bitmap": "kfile://org.kustom.provider/bitmaps/lsnow-day.png"
                  },
                  {
                    "internal_type": "BitmapModule",
                    "internal_title": "Light Snow Night",
                    "internal_toggles": {
                      "bitmap_alpha": 10
                    },
                    "internal_formulas": {
                      "bitmap_alpha": "$if(gv(icon)\u003dlsnow \u0026 (ai(isday)\u003d0 \u0026 gv(nightico)\u003d1), 100, 0)$"
                    },
                    "bitmap_bitmap": "kfile://org.kustom.provider/bitmaps/lsnow-night.png"
                  },
                  {
                    "internal_type": "BitmapModule",
                    "internal_title": "Mostly Cloudy",
                    "internal_toggles": {
                      "bitmap_alpha": 10
                    },
                    "internal_formulas": {
                      "bitmap_alpha": "$if(gv(icon)\u003dmcloudy, 100, 0)$"
                    },
                    "bitmap_bitmap": "kfile://org.kustom.provider/bitmaps/mcloudy.png"
                  },
                  {
                    "internal_type": "BitmapModule",
                    "internal_title": "Partly Cloudy Day",
                    "internal_toggles": {
                      "bitmap_alpha": 10
                    },
                    "internal_formulas": {
                      "bitmap_alpha": "$if(gv(icon)\u003dpcloudy \u0026 (ai(isday)\u003d1 | gv(nightico)\u003d0), 100, 0)$"
                    },
                    "bitmap_bitmap": "kfile://org.kustom.provider/bitmaps/pcloudy-day.png"
                  },
                  {
                    "internal_type": "BitmapModule",
                    "internal_title": "Partly Cloudy Night",
                    "internal_toggles": {
                      "bitmap_alpha": 10
                    },
                    "internal_formulas": {
                      "bitmap_alpha": "$if(gv(icon)\u003dpcloudy \u0026 (ai(isday)\u003d0 \u0026 gv(nightico)\u003d1), 100, 0)$"
                    },
                    "bitmap_bitmap": "kfile://org.kustom.provider/bitmaps/pcloudy-night.png"
                  },
                  {
                    "internal_type": "BitmapModule",
                    "internal_title": "Rain",
                    "internal_toggles": {
                      "bitmap_alpha": 10
                    },
                    "internal_formulas": {
                      "bitmap_alpha": "$if(gv(icon)\u003drain, 100, 0)$"
                    },
                    "bitmap_bitmap": "kfile://org.kustom.provider/bitmaps/rain.png"
                  },
                  {
                    "internal_type": "BitmapModule",
                    "internal_title": "Showers Day",
                    "internal_toggles": {
                      "bitmap_alpha": 10
                    },
                    "internal_formulas": {
                      "bitmap_alpha": "$if(gv(icon)\u003dshower \u0026 (ai(isday)\u003d1 | gv(nightico)\u003d0), 100, 0)$"
                    },
                    "bitmap_bitmap": "kfile://org.kustom.provider/bitmaps/showers-day.png"
                  },
                  {
                    "internal_type": "BitmapModule",
                    "internal_title": "Showers Night",
                    "internal_toggles": {
                      "bitmap_alpha": 10
                    },
                    "internal_formulas": {
                      "bitmap_alpha": "$if(gv(icon)\u003dshower \u0026 (ai(isday)\u003d0 \u0026 gv(nightico)\u003d1), 100, 0)$"
                    },
                    "bitmap_bitmap": "kfile://org.kustom.provider/bitmaps/showers-night.png"
                  },
                  {
                    "internal_type": "BitmapModule",
                    "internal_title": "Sleet Day",
                    "internal_toggles": {
                      "bitmap_alpha": 10
                    },
                    "internal_formulas": {
                      "bitmap_alpha": "$if(gv(icon)\u003dsleet \u0026 (ai(isday)\u003d1 | gv(nightico)\u003d0), 100, 0)$"
                    },
                    "bitmap_bitmap": "kfile://org.kustom.provider/bitmaps/sleet-day.png"
                  },
                  {
                    "internal_type": "BitmapModule",
                    "internal_title": "Sleet Night",
                    "internal_toggles": {
                      "bitmap_alpha": 10
                    },
                    "internal_formulas": {
                      "bitmap_alpha": "$if(gv(icon)\u003dsleet \u0026 (ai(isday)\u003d0 \u0026 gv(nightico)\u003d1), 100, 0)$"
                    },
                    "bitmap_bitmap": "kfile://org.kustom.provider/bitmaps/sleet-night.png"
                  },
                  {
                    "internal_type": "BitmapModule",
                    "internal_title": "Snow Day",
                    "internal_toggles": {
                      "bitmap_alpha": 10
                    },
                    "internal_formulas": {
                      "bitmap_alpha": "$if(gv(icon)\u003dsnow \u0026 (ai(isday)\u003d1 | gv(nightico)\u003d0), 100, 0)$"
                    },
                    "bitmap_bitmap": "kfile://org.kustom.provider/bitmaps/snow-day.png"
                  },
                  {
                    "internal_type": "BitmapModule",
                    "internal_title": "Snow Night",
                    "internal_toggles": {
                      "bitmap_alpha": 10
                    },
                    "internal_formulas": {
                      "bitmap_alpha": "$if(gv(icon)\u003dsnow \u0026 (ai(isday)\u003d0 \u0026 gv(nightico)\u003d1), 100, 0)$"
                    },
                    "bitmap_bitmap": "kfile://org.kustom.provider/bitmaps/snow-night.png"
                  },
                  {
                    "internal_type": "BitmapModule",
                    "internal_title": "Tornado",
                    "internal_toggles": {
                      "bitmap_alpha": 10
                    },
                    "internal_formulas": {
                      "bitmap_alpha": "$if(gv(icon)\u003dtornado, 100, 0)$"
                    },
                    "bitmap_bitmap": "kfile://org.kustom.provider/bitmaps/tornado.png"
                  },
                  {
                    "internal_type": "BitmapModule",
                    "internal_title": "Thunder Shower Day",
                    "internal_toggles": {
                      "bitmap_alpha": 10
                    },
                    "internal_formulas": {
                      "bitmap_alpha": "$if(gv(icon)\u003dtshower \u0026 (ai(isday)\u003d1 | gv(nightico)\u003d0), 100, 0)$"
                    },
                    "bitmap_bitmap": "kfile://org.kustom.provider/bitmaps/tshower-day.png"
                  },
                  {
                    "internal_type": "BitmapModule",
                    "internal_title": "Thunder Shower Night",
                    "internal_toggles": {
                      "bitmap_alpha": 10
                    },
                    "internal_formulas": {
                      "bitmap_alpha": "$if(gv(icon)\u003dtshower \u0026 (ai(isday)\u003d0 \u0026 gv(nightico)\u003d1), 100, 0)$"
                    },
                    "bitmap_bitmap": "kfile://org.kustom.provider/bitmaps/tshower-night.png"
                  },
                  {
                    "internal_type": "BitmapModule",
                    "internal_title": "Thunderstorm",
                    "internal_toggles": {
                      "bitmap_alpha": 10
                    },
                    "internal_formulas": {
                      "bitmap_alpha": "$if(gv(icon)\u003dtstorm, 100, 0)$"
                    },
                    "bitmap_bitmap": "kfile://org.kustom.provider/bitmaps/tstorm.png"
                  },
                  {
                    "internal_type": "BitmapModule",
                    "internal_title": "Unknown",
                    "internal_toggles": {
                      "bitmap_alpha": 10
                    },
                    "internal_formulas": {
                      "bitmap_alpha": "$if(gv(icon)\u003dunknown, 100, 0)$"
                    },
                    "bitmap_bitmap": "kfile://org.kustom.provider/bitmaps/unknown.png"
                  },
                  {
                    "internal_type": "BitmapModule",
                    "internal_title": "Windy Day",
                    "internal_toggles": {
                      "bitmap_alpha": 10
                    },
                    "internal_formulas": {
                      "bitmap_alpha": "$if(gv(icon)\u003dwindy \u0026 (ai(isday)\u003d1 | gv(nightico)\u003d0), 100, 0)$"
                    },
                    "bitmap_bitmap": "kfile://org.kustom.provider/bitmaps/windy-day.png"
                  },
                  {
                    "internal_type": "BitmapModule",
                    "internal_title": "Windy Night",
                    "internal_toggles": {
                      "bitmap_alpha": 10
                    },
                    "internal_formulas": {
                      "bitmap_alpha": "$if(gv(icon)\u003dwindy \u0026 (ai(isday)\u003d0 \u0026 gv(nightico)\u003d1), 100, 0)$"
                    },
                    "bitmap_bitmap": "kfile://org.kustom.provider/bitmaps/windy-night.png"
                  }
                ]
              }
            ]
          }
        ]
      },
      {
        "internal_type": "OverlapLayerModule",
        "position_offset_y": 1080.0,
        "internal_title": "6",
        "viewgroup_items": [
          {
            "internal_type": "ShapeModule",
            "position_anchor": "TOP",
            "shape_type": "RECT",
            "shape_width": 680.0,
            "shape_height": 180.0,
            "paint_color": "#FFD6DAF0",
            "fx_shadow": "OUTER",
            "fx_shadow_direction": 315.0,
            "fx_shadow_distance": 3.0,
            "fx_shadow_blur": 1,
            "fx_shadow_color": "#FFB7C5D9"
          },
          {
            "internal_type": "TextModule",
            "internal_toggles": {
              "text_family": 100,
              "text_size": 100,
              "paint_color": 100
            },
            "internal_globals": {
              "text_family": "font",
              "text_size": "size",
              "paint_color": "name"
            },
            "position_padding_left": 10.0,
            "position_anchor": "TOPLEFT",
            "text_expression": "Anonymous",
            "text_size": 30.0,
            "paint_color": "#FF117748"
          },
          {
            "internal_type": "TextModule",
            "internal_toggles": {
              "text_family": 100,
              "text_size": 100,
              "paint_color": 100
            },
            "internal_globals": {
              "text_family": "font",
              "text_size": "size",
              "paint_color": "text"
            },
            "position_padding_left": 165.0,
            "position_padding_top": 0.0,
            "position_anchor": "TOPLEFT",
            "text_expression": "18 seconds ago",
            "paint_color": "#FF000000"
          },
          {
            "internal_type": "TextModule",
            "position_anchor": "TOPRIGHT",
            "text_expression": "Does /g/ like [i]$mi(title)$[/i] by $mi(artist)$?",
            "text_size_type": "FIXED_WIDTH",
            "text_size": 30.0,
            "text_width": 520.0,
            "text_family": "kfile://org.kustom.provider/fonts/icons/Material.ttf",
            "position_padding_top": 40.0,
            "internal_toggles": {
              "text_family": 100,
              "text_size": 10,
              "paint_color": 100
            },
            "internal_globals": {
              "text_family": "font",
              "text_size": "size",
              "paint_color": "text"
            },
            "position_padding_left": 0.0,
            "position_padding_right": 10.0,
            "position_padding_bottom": 0.0,
            "paint_color": "#FF869922",
            "text_lines": 4.0,
            "internal_formulas": {
              "text_size": "$if(mi(state)\u003dnone,0,gv(size,30))$"
            }
          },
          {
            "internal_type": "TextModule",
            "position_anchor": "TOPRIGHT",
            "text_expression": "What kind of music does /g/ like?",
            "text_size_type": "FIXED_WIDTH",
            "text_size": 30.0,
            "text_width": 520.0,
            "text_family": "kfile://org.kustom.provider/fonts/icons/Material.ttf",
            "position_padding_top": 40.0,
            "internal_toggles": {
              "text_family": 100,
              "text_size": 10,
              "paint_color": 100
            },
            "internal_globals": {
              "text_family": "font",
              "text_size": "size",
              "paint_color": "text"
            },
            "position_padding_left": 0.0,
            "position_padding_right": 10.0,
            "position_padding_bottom": 0.0,
            "paint_color": "#FF869922",
            "text_lines": 4.0,
            "internal_formulas": {
              "text_size": "$if(mi(state)\u003dnone,gv(size,30),0)$"
            }
          },
          {
            "internal_type": "BitmapModule",
            "internal_toggles": {
              "bitmap_bitmap": 10
            },
            "internal_formulas": {
              "bitmap_bitmap": "$mi(cover)$"
            },
            "position_padding_left": 10.0,
            "position_padding_top": 40.0,
            "position_anchor": "TOPLEFT",
            "bitmap_width": 125.0
          },
          {
            "internal_type": "ShapeModule",
            "internal_toggles": {
              "shape_width": 10,
              "shape_height": 10
            },
            "internal_formulas": {
              "shape_height": "$if(mi(state)\u003dnone,125,0)$",
              "shape_width": "$if(mi(state)\u003dnone,125,0)$"
            },
            "position_padding_left": 10.0,
            "position_padding_top": 40.0,
            "position_anchor": "TOPLEFT",
            "shape_type": "RECT",
            "shape_width": 125.0,
            "shape_height": 125.0,
            "fx_gradient": "RADIAL",
            "fx_gradient_offset": 24.0
          },
          {
            "internal_type": "FontIconModule",
            "internal_events": [
              {
                "action": "MUSIC",
                "music_action": "PREVIOUS"
              }
            ],
            "position_padding_left": 10.0,
            "position_padding_top": 40.0,
            "position_anchor": "TOPLEFT",
            "icon_size": 60.0,
            "icon_icon": "skip_previous"
          },
          {
            "internal_type": "FontIconModule",
            "internal_events": [
              {
                "action": "MUSIC",
                "music_action": "PREVIOUS"
              }
            ],
            "position_padding_left": 10.0,
            "position_padding_top": 40.0,
            "position_anchor": "TOPLEFT",
            "icon_size": 60.0,
            "icon_icon": "skip_previous",
            "paint_color": "#FF000000",
            "paint_style": "STROKE",
            "paint_stroke": 2.0
          },
          {
            "internal_type": "FontIconModule",
            "position_padding_left": 75.0,
            "position_padding_top": 40.0,
            "position_anchor": "TOPLEFT",
            "icon_size": 60.0,
            "icon_icon": "skip_next",
            "internal_events": [
              {
                "action": "MUSIC",
                "music_action": "NEXT"
              }
            ]
          },
          {
            "internal_type": "FontIconModule",
            "position_padding_left": 75.0,
            "position_padding_top": 40.0,
            "position_anchor": "TOPLEFT",
            "icon_size": 60.0,
            "icon_icon": "skip_next",
            "internal_events": [
              {
                "action": "MUSIC",
                "music_action": "NEXT"
              }
            ],
            "paint_color": "#FF000000",
            "paint_style": "STROKE",
            "paint_stroke": 2.0
          },
          {
            "internal_type": "FontIconModule",
            "internal_toggles": {
              "icon_icon": 10,
              "icon_size": 0,
              "paint_color": 0
            },
            "internal_formulas": {
              "icon_icon": "$(if(mi(state)!\u003dPLAYING,play_arrow,pause))$",
              "icon_size": "$if(mi(state)\u003dnone,0,60)$"
            },
            "internal_events": [
              {
                "action": "MUSIC"
              }
            ],
            "position_padding_top": 100.0,
            "position_anchor": "TOPLEFT",
            "icon_size": 60.0,
            "internal_globals": {
              "paint_color": "color"
            },
            "position_padding_left": 10.0
          },
          {
            "internal_type": "FontIconModule",
            "internal_toggles": {
              "icon_icon": 10,
              "icon_size": 0,
              "paint_color": 0
            },
            "internal_formulas": {
              "icon_icon": "$(if(mi(state)!\u003dPLAYING,play_arrow,pause))$",
              "icon_size": "$if(mi(state)\u003dnone,0,60)$"
            },
            "internal_events": [
              {
                "action": "MUSIC"
              }
            ],
            "position_padding_top": 100.0,
            "position_anchor": "TOPLEFT",
            "icon_size": 60.0,
            "internal_globals": {
              "paint_color": "color"
            },
            "position_padding_left": 10.0,
            "paint_color": "#FF000000",
            "paint_style": "STROKE",
            "paint_stroke": 2.0
          },
          {
            "internal_type": "FontIconModule",
            "internal_toggles": {
              "icon_icon": 0,
              "icon_size": 0,
              "paint_color": 0
            },
            "internal_formulas": {
              "icon_icon": "$(if(mi(state)!\u003dPLAYING,play_arrow,pause))$",
              "icon_size": "$if(mi(state)\u003dnone,0,60)$"
            },
            "internal_events": [
              {
                "action": "MUSIC",
                "music_action": "OPEN_APP"
              }
            ],
            "position_padding_top": 100.0,
            "position_anchor": "TOPLEFT",
            "icon_size": 60.0,
            "internal_globals": {
              "paint_color": "color"
            },
            "position_padding_left": 75.0,
            "icon_icon": "queue_music"
          },
          {
            "internal_type": "FontIconModule",
            "internal_toggles": {
              "icon_icon": 0,
              "icon_size": 0,
              "paint_color": 0
            },
            "internal_formulas": {
              "icon_icon": "$(if(mi(state)!\u003dPLAYING,play_arrow,pause))$",
              "icon_size": "$if(mi(state)\u003dnone,0,60)$"
            },
            "internal_events": [
              {
                "action": "MUSIC",
                "music_action": "OPEN_APP"
              }
            ],
            "position_padding_top": 100.0,
            "position_anchor": "TOPLEFT",
            "icon_size": 60.0,
            "internal_globals": {
              "paint_color": "color"
            },
            "position_padding_left": 75.0,
            "icon_icon": "queue_music",
            "paint_color": "#FF000000",
            "paint_style": "STROKE",
            "paint_stroke": 2.0
          }
        ]
      },
      {
        "internal_type": "ShapeModule",
        "internal_animations": [
          {
            "type": "SCROLL",
            "center": "SCREEN2"
          }
        ],
        "shape_type": "RECT",
        "shape_width": 720.0,
        "shape_height": 1280.0,
        "paint_color": "#FF000000"
      }
    ]
  }
}