{
  "preset_info": {
    "title": "star_wars",
    "description": "",
    "author": "ensorcell",
    "email": "",
    "archive": "kfile://org.kustom.sdcard.000/wallpapers/star_wars.klwp.zip/",
    "version": 9,
    "width": 540,
    "height": 960
  },
  "preset_root": {
    "internal_type": "RootLayerModule",
    "background_bitmap": "kfile://org.kustom.provider/bitmaps/IMGe28042f57d9bfc4424ca33ca711146b4",
    "globals_list": {
      "font": {
        "index": 4,
        "type": "FONT",
        "title": "font",
        "value": "kfile://org.kustom.provider/fonts/FtraLt.ttf"
      }
    },
    "background_color": "#FFFFFFFF",
    "viewgroup_items": [
      {
        "internal_type": "ShapeModule",
        "internal_title": "Background",
        "shape_type": "RECT",
        "shape_width": 720.0,
        "shape_height": 1280.0,
        "paint_color": "#FF888888"
      },
      {
        "internal_type": "StackLayerModule",
        "internal_title": "Screen 1",
        "internal_animations": [
          {
            "type": "SCROLL",
            "action": "FADE",
            "center": "SCREEN1"
          }
        ],
        "config_stacking": "VERTICAL_CENTER",
        "viewgroup_items": [
          {
            "internal_type": "BitmapModule",
            "bitmap_bitmap": "kfile://org.kustom.provider/bitmaps/IMG3bf6e9f7c9b5e270fbf865938f68f5a3",
            "bitmap_width": 720.0
          },
          {
            "internal_type": "OverlapLayerModule",
            "viewgroup_items": [
              {
                "internal_type": "ShapeModule",
                "shape_type": "RECT",
                "shape_width": 720.0,
                "shape_height": 720.0,
                "paint_color": "#FF0C4159",
                "internal_title": "Screen 1",
                "internal_animations": [
                  {
                    "type": "SCROLL",
                    "action": "FADE",
                    "center": "SCREEN1"
                  }
                ]
              },
              {
                "internal_type": "OverlapLayerModule",
                "internal_animations": [
                  {
                    "type": "SWITCH",
                    "trigger": "toggle",
                    "action": "FADE_INVERTED",
                    "duration": 3.0
                  }
                ],
                "internal_title": "Music",
                "position_offset_y": 0.0,
                "position_padding_top": 0.0,
                "position_anchor": "TOP",
                "viewgroup_items": [
                  {
                    "internal_type": "ShapeModule",
                    "internal_events": [
                      {
                        "action": "MUSIC",
                        "music_action": "OPEN_APP"
                      }
                    ],
                    "position_padding_top": 30.0,
                    "position_anchor": "TOP",
                    "shape_type": "RECT",
                    "shape_width": 520.0,
                    "shape_height": 190.0,
                    "paint_color": "#00FFFFFF"
                  },
                  {
                    "internal_type": "TextModule",
                    "position_padding_top": 50.0,
                    "position_anchor": "TOP",
                    "text_expression": "$mi(title)$",
                    "text_size": 35.0,
                    "text_family": "kfile://org.kustom.provider/fonts/FtraLt.ttf",
                    "internal_toggles": {
                      "text_size": 10,
                      "text_family": 100
                    },
                    "internal_formulas": {
                      "text_size": "$if(mi(state)\u003dnone,0,35)$"
                    }
                  },
                  {
                    "internal_type": "TextModule",
                    "position_padding_top": 100.0,
                    "position_anchor": "TOP",
                    "text_expression": "$mi(album)$",
                    "text_size": 35.0,
                    "text_family": "kfile://org.kustom.provider/fonts/FtraLt.ttf",
                    "internal_toggles": {
                      "text_size": 10,
                      "text_family": 100
                    },
                    "internal_formulas": {
                      "text_size": "$if(mi(state)\u003dnone,0,35)$"
                    }
                  },
                  {
                    "internal_type": "TextModule",
                    "position_padding_top": 150.0,
                    "position_anchor": "TOP",
                    "text_expression": "$mi(artist)$",
                    "text_size": 35.0,
                    "text_family": "kfile://org.kustom.provider/fonts/FtraLt.ttf",
                    "internal_toggles": {
                      "text_size": 10,
                      "text_family": 100
                    },
                    "internal_formulas": {
                      "text_size": "$if(mi(state)\u003dnone,0,35)$"
                    }
                  },
                  {
                    "internal_type": "ProgressModule",
                    "position_padding_top": 220.0,
                    "position_anchor": "TOP",
                    "progress_progress": "MUSIC",
                    "style_size": 280.0,
                    "style_height": 4.0
                  },
                  {
                    "internal_type": "FontIconModule",
                    "internal_events": [
                      {
                        "action": "MUSIC",
                        "music_action": "PREVIOUS"
                      }
                    ],
                    "position_padding_left": 0.0,
                    "position_padding_right": 200.0,
                    "position_padding_top": 240.0,
                    "position_anchor": "TOP",
                    "icon_icon": "skip_previous",
                    "internal_toggles": {
                      "icon_size": 10
                    },
                    "internal_formulas": {
                      "icon_size": "$if(mi(state)\u003dnone,0,80)$"
                    }
                  },
                  {
                    "internal_type": "FontIconModule",
                    "internal_toggles": {
                      "icon_icon": 10,
                      "icon_size": 10
                    },
                    "internal_formulas": {
                      "icon_icon": "$(if(mi(state)!\u003dPLAYING,play_arrow,pause))$",
                      "icon_size": "$if(mi(state)\u003dnone,0,80)$"
                    },
                    "internal_events": [
                      {
                        "action": "MUSIC"
                      }
                    ],
                    "position_padding_top": 240.0,
                    "position_anchor": "TOP"
                  },
                  {
                    "internal_type": "FontIconModule",
                    "internal_events": [
                      {
                        "action": "MUSIC",
                        "music_action": "NEXT"
                      }
                    ],
                    "position_padding_left": 200.0,
                    "position_padding_right": 0.0,
                    "position_padding_top": 240.0,
                    "position_anchor": "TOP",
                    "icon_icon": "skip_next",
                    "internal_toggles": {
                      "icon_size": 10
                    },
                    "internal_formulas": {
                      "icon_size": "$if(mi(state)\u003dnone,0,80)$"
                    }
                  }
                ]
              },
              {
                "internal_type": "OverlapLayerModule",
                "internal_title": "Apps",
                "viewgroup_items": [
                  {
                    "internal_type": "BitmapModule",
                    "position_padding_left": 0.0,
                    "position_padding_right": 525.0,
                    "position_padding_top": 450.0,
                    "bitmap_bitmap": "kfile://org.kustom.provider/bitmaps/IMGc07e10a02186eb99a2f2a1558f7735a2",
                    "bitmap_width": 100.0,
                    "internal_title": "Music",
                    "internal_events": [
                      {
                        "action": "LAUNCH_APP",
                        "intent": "intent:#Intent;action\u003dandroid.intent.action.MAIN;category\u003dandroid.intent.category.LAUNCHER;component\u003dcom.kodarkooperativet.blackplayerex/.activities.ViewPagerActivity;S.org.kustom.intent.label\u003dBlackPlayer%20EX;end"
                      }
                    ]
                  },
                  {
                    "internal_type": "BitmapModule",
                    "internal_title": "Spotify",
                    "internal_events": [
                      {
                        "action": "LAUNCH_APP",
                        "intent": "intent:#Intent;action\u003dandroid.intent.action.MAIN;category\u003dandroid.intent.category.LAUNCHER;component\u003dcom.spotify.music/.MainActivity;S.org.kustom.intent.label\u003dSpotify;end"
                      }
                    ],
                    "position_padding_left": 0.0,
                    "position_padding_right": 175.0,
                    "position_padding_top": 450.0,
                    "bitmap_bitmap": "kfile://org.kustom.provider/bitmaps/IMGd65254df5050ba38c5051add3f094840",
                    "bitmap_width": 100.0
                  },
                  {
                    "internal_type": "BitmapModule",
                    "position_padding_left": 175.0,
                    "position_padding_right": 0.0,
                    "position_padding_top": 450.0,
                    "bitmap_bitmap": "kfile://org.kustom.provider/bitmaps/IMG6379f7b65e1b1241a05be161e5f74b32",
                    "bitmap_width": 100.0,
                    "internal_title": "foobar2000",
                    "internal_events": [
                      {
                        "action": "LAUNCH_APP",
                        "intent": "intent:#Intent;action\u003dandroid.intent.action.MAIN;category\u003dandroid.intent.category.LAUNCHER;component\u003dcom.cav.foobar2000controller/.MainActivity;S.org.kustom.intent.label\u003dfoobar2000%20controller;end"
                      }
                    ]
                  },
                  {
                    "internal_type": "BitmapModule",
                    "position_padding_left": 525.0,
                    "position_padding_right": 0.0,
                    "position_padding_top": 450.0,
                    "bitmap_bitmap": "kfile://org.kustom.provider/bitmaps/IMG7f7db69499e49925a40f0e4fb6b22370",
                    "bitmap_width": 100.0,
                    "internal_title": "Shazam",
                    "internal_events": [
                      {
                        "action": "LAUNCH_APP",
                        "intent": "intent:#Intent;action\u003dandroid.intent.action.MAIN;category\u003dandroid.intent.category.LAUNCHER;component\u003dcom.shazam.android/.activities.SplashActivity;S.org.kustom.intent.label\u003dShazam;end"
                      }
                    ]
                  },
                  {
                    "internal_type": "BitmapModule",
                    "position_padding_left": 0.0,
                    "position_padding_right": 525.0,
                    "position_padding_top": 100.0,
                    "bitmap_bitmap": "kfile://org.kustom.provider/bitmaps/IMG353b1af87039837a361ebdcf0dcdb30c",
                    "bitmap_width": 100.0,
                    "internal_title": "Gallery",
                    "internal_events": [
                      {
                        "action": "LAUNCH_APP",
                        "intent": "intent:#Intent;action\u003dandroid.intent.action.MAIN;category\u003dandroid.intent.category.LAUNCHER;component\u003dcom.alensw.PicFolder/.GalleryActivity;S.org.kustom.intent.label\u003dQuickPic;end"
                      }
                    ]
                  },
                  {
                    "internal_type": "BitmapModule",
                    "internal_title": "Camera",
                    "internal_events": [
                      {
                        "action": "LAUNCH_APP",
                        "intent": "intent:#Intent;action\u003dandroid.intent.action.MAIN;category\u003dandroid.intent.category.LAUNCHER;component\u003dcom.sec.android.app.camera/.Camera;S.org.kustom.intent.label\u003dCamera;end"
                      }
                    ],
                    "position_padding_left": 0.0,
                    "position_padding_right": 175.0,
                    "position_padding_top": 100.0,
                    "bitmap_bitmap": "kfile://org.kustom.provider/bitmaps/IMG3b6b7c24a61ff3c5c46e510107ba6cdc",
                    "bitmap_width": 100.0
                  },
                  {
                    "internal_type": "BitmapModule",
                    "position_padding_left": 175.0,
                    "position_padding_right": 0.0,
                    "position_padding_top": 100.0,
                    "bitmap_bitmap": "kfile://org.kustom.provider/bitmaps/IMG675b713698f400003956b7bcc2fe8e06",
                    "bitmap_width": 100.0,
                    "internal_title": "IR Remote",
                    "internal_events": [
                      {
                        "action": "LAUNCH_APP",
                        "intent": "intent:#Intent;action\u003dandroid.intent.action.MAIN;category\u003dandroid.intent.category.LAUNCHER;component\u003dorg.twinone.irremote/.ui.MainActivity;S.org.kustom.intent.label\u003dIR%20Remote;end"
                      }
                    ]
                  },
                  {
                    "internal_type": "BitmapModule",
                    "position_padding_left": 525.0,
                    "position_padding_right": 0.0,
                    "position_padding_top": 100.0,
                    "bitmap_bitmap": "kfile://org.kustom.provider/bitmaps/IMG1d47439ea9ad5f6471893a72f171de1c",
                    "bitmap_width": 100.0,
                    "internal_title": "File Explorer",
                    "internal_events": [
                      {
                        "action": "LAUNCH_APP",
                        "intent": "intent:#Intent;action\u003dandroid.intent.action.MAIN;category\u003dandroid.intent.category.LAUNCHER;component\u003dcom.amaze.filemanager/.activities.MainActivity;S.org.kustom.intent.label\u003dAmaze;end"
                      }
                    ]
                  }
                ]
              }
            ]
          }
        ]
      },
      {
        "internal_type": "StackLayerModule",
        "internal_title": "Screen 2",
        "internal_animations": [
          {
            "type": "SCROLL",
            "action": "FADE",
            "center": "SCREEN2"
          }
        ],
        "config_stacking": "VERTICAL_CENTER",
        "viewgroup_items": [
          {
            "internal_type": "BitmapModule",
            "bitmap_bitmap": "kfile://org.kustom.provider/bitmaps/IMG68388bf4efb9ea9ca742d0cd570b0e2b",
            "bitmap_width": 720.0
          },
          {
            "internal_type": "OverlapLayerModule",
            "viewgroup_items": [
              {
                "internal_type": "ShapeModule",
                "internal_animations": [
                  {
                    "type": "SCROLL",
                    "action": "FADE",
                    "limit": 0.0,
                    "speed": 100,
                    "rule": "CENTER",
                    "angle": 90.0,
                    "center": "SCREEN2"
                  }
                ],
                "shape_type": "RECT",
                "shape_width": 720.0,
                "shape_height": 720.0,
                "internal_title": "Screen 2",
                "paint_color": "#FF326D56"
              },
              {
                "internal_type": "OverlapLayerModule",
                "internal_title": "Time and Date",
                "internal_animations": [
                  {
                    "type": "SWITCH",
                    "trigger": "toggle",
                    "action": "FADE",
                    "duration": 3.0
                  }
                ],
                "position_padding_top": 0.0,
                "position_anchor": "TOP",
                "viewgroup_items": [
                  {
                    "internal_type": "KomponentModule",
                    "globals_list": {
                      "main": {
                        "index": 1,
                        "type": "FONT",
                        "title": "main",
                        "value": "kfile://org.kustom.provider/fonts/FtraLt.ttf",
                        "global": "font",
                        "toggles": 100
                      },
                      "one": {
                        "index": 3,
                        "type": "COLOR",
                        "title": "one",
                        "value": "#FFFFFFFF",
                        "global": "color3"
                      },
                      "two": {
                        "index": 4,
                        "type": "COLOR",
                        "title": "two",
                        "value": "#FF999999",
                        "global": "color4"
                      },
                      "space": {
                        "index": 5,
                        "type": "NUMBER",
                        "title": "space",
                        "min": 0,
                        "max": 720,
                        "value": 70.0
                      }
                    },
                    "position_offset_x": 0.0,
                    "position_offset_y": 0.0,
                    "internal_title": "1 Letter Days",
                    "internal_locked": "true",
                    "position_padding_left": 0.0,
                    "config_scale_value": 100.0,
                    "position_padding_top": 20.0,
                    "position_anchor": "TOP",
                    "viewgroup_items": [
                      {
                        "internal_type": "StackLayerModule",
                        "position_offset_x": 40.0,
                        "position_offset_y": 140.0,
                        "config_stacking": "HORIZONTAL_CENTER",
                        "viewgroup_items": [
                          {
                            "internal_type": "TextModule",
                            "internal_toggles": {
                              "text_family": 100,
                              "paint_color": 100
                            },
                            "internal_globals": {
                              "text_family": "main",
                              "paint_color": "one"
                            },
                            "text_expression": "$df(dd)$",
                            "text_size": 25.0
                          },
                          {
                            "internal_type": "TextModule",
                            "text_expression": "$if(df(f)\u003d7, tc(cut, df(EEE), 1),\nif(df(f)\u003d1, tc(cut, df(EEE, a6d), 1),\nif(df(f)\u003d2, tc(cut, df(EEE, a5d), 1),\nif(df(f)\u003d3, tc(cut, df(EEE, a4d), 1),\nif(df(f)\u003d4, tc(cut, df(EEE, a3d), 1),\nif(df(f)\u003d5, tc(cut, df(EEE, a2d), 1),\nif(df(f)\u003d6, tc(cut, df(EEE, a1d), 1)\n)))))))$",
                            "text_size": 25.0,
                            "internal_toggles": {
                              "paint_color": 10,
                              "text_family": 100,
                              "position_padding_left": 100
                            },
                            "internal_globals": {
                              "paint_color": "two",
                              "text_family": "main",
                              "position_padding_left": "space"
                            },
                            "internal_formulas": {
                              "paint_color": "$if(df(f)\u003d7, gv(one), gv(two))$"
                            }
                          },
                          {
                            "internal_type": "TextModule",
                            "internal_toggles": {
                              "paint_color": 10,
                              "text_family": 100,
                              "position_padding_left": 100
                            },
                            "internal_globals": {
                              "paint_color": "two",
                              "text_family": "main",
                              "position_padding_left": "space"
                            },
                            "text_expression": "$if(df(f)\u003d1, tc(cut, df(EEE), 1),\nif(df(f)\u003d2, tc(cut, df(EEE, r1d), 1),\nif(df(f)\u003d3, tc(cut, df(EEE, r2d), 1),\nif(df(f)\u003d4, tc(cut, df(EEE, r3d), 1),\nif(df(f)\u003d5, tc(cut, df(EEE, r4d), 1),\nif(df(f)\u003d6, tc(cut, df(EEE, r5d), 1),\nif(df(f)\u003d7, tc(cut, df(EEE, r6d), 1)\n)))))))$",
                            "text_size": 25.0,
                            "internal_formulas": {
                              "paint_color": "$if(df(f)\u003d1, gv(one), gv(two))$"
                            }
                          },
                          {
                            "internal_type": "TextModule",
                            "text_expression": "$if(df(f)\u003d2, tc(cut, df(EEE), 1),\nif(df(f)\u003d3, tc(cut, df(EEE, r1d), 1),\nif(df(f)\u003d4, tc(cut, df(EEE, r2d), 1),\nif(df(f)\u003d5, tc(cut, df(EEE, r3d), 1),\nif(df(f)\u003d6, tc(cut, df(EEE, r4d), 1),\nif(df(f)\u003d7, tc(cut, df(EEE, r5d), 1),\nif(df(f)\u003d1, tc(cut, df(EEE, a1d), 1)\n)))))))$",
                            "text_size": 25.0,
                            "internal_toggles": {
                              "paint_color": 10,
                              "text_family": 100,
                              "position_padding_left": 100
                            },
                            "internal_globals": {
                              "paint_color": "two",
                              "text_family": "main",
                              "position_padding_left": "space"
                            },
                            "internal_formulas": {
                              "paint_color": "$if(df(f)\u003d2, gv(one), gv(two))$"
                            }
                          },
                          {
                            "internal_type": "TextModule",
                            "text_expression": "$if(df(f)\u003d3, tc(cut, df(EEE), 1),\nif(df(f)\u003d4, tc(cut, df(EEE, r1d), 1),\nif(df(f)\u003d5, tc(cut, df(EEE, r2d), 1),\nif(df(f)\u003d6, tc(cut, df(EEE, r3d), 1),\nif(df(f)\u003d7, tc(cut, df(EEE, r4d), 1),\nif(df(f)\u003d1, tc(cut, df(EEE, a2d), 1),\nif(df(f)\u003d2, tc(cut, df(EEE, a1d), 1)\n)))))))$",
                            "text_size": 25.0,
                            "internal_toggles": {
                              "paint_color": 10,
                              "text_family": 100,
                              "position_padding_left": 100
                            },
                            "internal_globals": {
                              "paint_color": "two",
                              "text_family": "main",
                              "position_padding_left": "space"
                            },
                            "internal_formulas": {
                              "paint_color": "$if(df(f)\u003d3, gv(one), gv(two))$"
                            }
                          },
                          {
                            "internal_type": "TextModule",
                            "text_expression": "$if(df(f)\u003d4, tc(cut, df(EEE), 1),\nif(df(f)\u003d5, tc(cut, df(EEE, r1d), 1),\nif(df(f)\u003d6, tc(cut, df(EEE, r2d), 1),\nif(df(f)\u003d7, tc(cut, df(EEE, r3d), 1),\nif(df(f)\u003d1, tc(cut, df(EEE, a3d), 1),\nif(df(f)\u003d2, tc(cut, df(EEE, a2d), 1),\nif(df(f)\u003d3, tc(cut, df(EEE, a1d), 1)\n)))))))$",
                            "text_size": 25.0,
                            "internal_toggles": {
                              "paint_color": 10,
                              "text_family": 100,
                              "position_padding_left": 100
                            },
                            "internal_globals": {
                              "paint_color": "two",
                              "text_family": "main",
                              "position_padding_left": "space"
                            },
                            "internal_formulas": {
                              "paint_color": "$if(df(f)\u003d4, gv(one), gv(two))$"
                            }
                          },
                          {
                            "internal_type": "TextModule",
                            "text_expression": "$if(df(f)\u003d5, tc(cut, df(EEE), 1),\nif(df(f)\u003d6, tc(cut, df(EEE, r1d), 1),\nif(df(f)\u003d7, tc(cut, df(EEE, r2d), 1),\nif(df(f)\u003d1, tc(cut, df(EEE, a4d), 1),\nif(df(f)\u003d2, tc(cut, df(EEE, a3d), 1),\nif(df(f)\u003d3, tc(cut, df(EEE, a2d), 1),\nif(df(f)\u003d4, tc(cut, df(EEE, a1d), 1)\n)))))))$",
                            "text_size": 25.0,
                            "internal_toggles": {
                              "paint_color": 10,
                              "text_family": 100,
                              "position_padding_left": 100
                            },
                            "internal_globals": {
                              "paint_color": "two",
                              "text_family": "main",
                              "position_padding_left": "space"
                            },
                            "internal_formulas": {
                              "paint_color": "$if(df(f)\u003d5, gv(one), gv(two))$"
                            }
                          },
                          {
                            "internal_type": "TextModule",
                            "text_expression": "$if(df(f)\u003d6, tc(cut, df(EEE), 1),\nif(df(f)\u003d7, tc(cut, df(EEE, r1d), 1),\nif(df(f)\u003d1, tc(cut, df(EEE, a5d), 1),\nif(df(f)\u003d2, tc(cut, df(EEE, a4d), 1),\nif(df(f)\u003d3, tc(cut, df(EEE, a3d), 1),\nif(df(f)\u003d4, tc(cut, df(EEE, a2d), 1),\nif(df(f)\u003d5, tc(cut, df(EEE, a1d), 1)\n)))))))$",
                            "text_size": 25.0,
                            "internal_toggles": {
                              "paint_color": 10,
                              "text_family": 100,
                              "position_padding_left": 100
                            },
                            "internal_globals": {
                              "paint_color": "two",
                              "text_family": "main",
                              "position_padding_left": "space"
                            },
                            "internal_formulas": {
                              "paint_color": "$if(df(f)\u003d6, gv(one), gv(two))$"
                            }
                          }
                        ]
                      }
                    ]
                  },
                  {
                    "internal_type": "TextModule",
                    "position_padding_left": 0.0,
                    "position_padding_top": 115.0,
                    "position_anchor": "TOP",
                    "text_expression": "$df(hhmm)$",
                    "text_size": 160.0,
                    "text_family": "kfile://org.kustom.provider/fonts/FtraLt.ttf",
                    "internal_toggles": {
                      "text_family": 100
                    },
                    "internal_globals": {
                      "text_family": "font"
                    }
                  },
                  {
                    "internal_type": "ProgressModule",
                    "position_padding_top": 300.0,
                    "position_anchor": "TOP",
                    "style_size": 380.0,
                    "style_height": 4.0
                  }
                ]
              },
              {
                "internal_type": "OverlapLayerModule",
                "internal_title": "Apps",
                "viewgroup_items": [
                  {
                    "internal_type": "BitmapModule",
                    "position_padding_left": 0.0,
                    "position_padding_right": 525.0,
                    "position_padding_top": 450.0,
                    "bitmap_bitmap": "kfile://org.kustom.provider/bitmaps/IMGb7a7e6559312796632c99626707987e7",
                    "bitmap_width": 100.0,
                    "internal_title": "Phone",
                    "internal_events": [
                      {
                        "action": "LAUNCH_APP",
                        "intent": "intent:#Intent;action\u003dandroid.intent.action.MAIN;category\u003dandroid.intent.category.LAUNCHER;component\u003dcom.android.contacts/com.android.dialer.DialtactsActivity;S.org.kustom.intent.label\u003dPhone;end"
                      }
                    ]
                  },
                  {
                    "internal_type": "BitmapModule",
                    "internal_title": "Snapchat",
                    "internal_events": [
                      {
                        "action": "LAUNCH_APP",
                        "intent": "intent:#Intent;action\u003dandroid.intent.action.MAIN;category\u003dandroid.intent.category.LAUNCHER;component\u003dcom.snapchat.android/.LandingPageActivity;S.org.kustom.intent.label\u003dSnapchat;end"
                      }
                    ],
                    "position_padding_left": 0.0,
                    "position_padding_right": 175.0,
                    "position_padding_top": 450.0,
                    "bitmap_bitmap": "kfile://org.kustom.provider/bitmaps/IMG8379fbdb05c7425090c23401ae25f2f1",
                    "bitmap_width": 100.0
                  },
                  {
                    "internal_type": "BitmapModule",
                    "position_padding_left": 175.0,
                    "position_padding_right": 0.0,
                    "position_padding_top": 450.0,
                    "bitmap_bitmap": "kfile://org.kustom.provider/bitmaps/IMG9744f700561a45196dd2d748beef5e7e",
                    "bitmap_width": 100.0,
                    "internal_title": "Email",
                    "internal_events": [
                      {
                        "action": "LAUNCH_APP",
                        "intent": "intent:#Intent;action\u003dandroid.intent.action.MAIN;category\u003dandroid.intent.category.LAUNCHER;component\u003dcom.google.android.gm/.ConversationListActivityGmail;S.org.kustom.intent.label\u003dGmail;end"
                      }
                    ]
                  },
                  {
                    "internal_type": "BitmapModule",
                    "position_padding_left": 525.0,
                    "position_padding_right": 0.0,
                    "position_padding_top": 450.0,
                    "bitmap_bitmap": "kfile://org.kustom.provider/bitmaps/IMGd80f3c7deb2291e3052e93880c0cffd3",
                    "bitmap_width": 100.0,
                    "internal_title": "SMS",
                    "internal_events": [
                      {
                        "action": "LAUNCH_APP",
                        "intent": "intent:#Intent;action\u003dandroid.intent.action.MAIN;category\u003dandroid.intent.category.LAUNCHER;component\u003dcom.p1.chompsms/.activities.MainActivity;S.org.kustom.intent.label\u003dchompSMS;end"
                      }
                    ]
                  },
                  {
                    "internal_type": "BitmapModule",
                    "position_padding_left": 0.0,
                    "position_padding_right": 525.0,
                    "position_padding_top": 100.0,
                    "bitmap_bitmap": "kfile://org.kustom.provider/bitmaps/IMGcafbe9a960ea5e1099f553f37e3ca74c",
                    "bitmap_width": 100.0,
                    "internal_title": "Facebook",
                    "internal_events": [
                      {
                        "action": "LAUNCH_APP",
                        "intent": "intent:#Intent;action\u003dandroid.intent.action.MAIN;category\u003dandroid.intent.category.LAUNCHER;component\u003dcom.facebook.katana/.LoginActivity;S.org.kustom.intent.label\u003dFacebook;end"
                      }
                    ]
                  },
                  {
                    "internal_type": "BitmapModule",
                    "internal_title": "Messenger",
                    "internal_events": [
                      {
                        "action": "LAUNCH_APP",
                        "intent": "intent:#Intent;action\u003dandroid.intent.action.MAIN;category\u003dandroid.intent.category.LAUNCHER;component\u003dcom.facebook.orca/.auth.StartScreenActivity;S.org.kustom.intent.label\u003dMessenger;end"
                      }
                    ],
                    "position_padding_left": 0.0,
                    "position_padding_right": 175.0,
                    "position_padding_top": 100.0,
                    "bitmap_bitmap": "kfile://org.kustom.provider/bitmaps/IMG8e926ca6867729d1289feda5cc174b7d",
                    "bitmap_width": 100.0
                  },
                  {
                    "internal_type": "BitmapModule",
                    "position_padding_left": 175.0,
                    "position_padding_right": 0.0,
                    "position_padding_top": 100.0,
                    "bitmap_bitmap": "kfile://org.kustom.provider/bitmaps/IMG6e5489db469f6b079cde9ed6d145f130",
                    "bitmap_width": 100.0,
                    "internal_title": "4Chan",
                    "internal_events": [
                      {
                        "action": "LAUNCH_APP",
                        "intent": "intent:#Intent;action\u003dandroid.intent.action.MAIN;category\u003dandroid.intent.category.LAUNCHER;component\u003dorg.floens.chan/.ui.activity.BoardActivity;S.org.kustom.intent.label\u003dClover;end"
                      }
                    ]
                  },
                  {
                    "internal_type": "BitmapModule",
                    "position_padding_left": 525.0,
                    "position_padding_right": 0.0,
                    "position_padding_top": 100.0,
                    "bitmap_bitmap": "kfile://org.kustom.provider/bitmaps/IMGb58e7b6bbe10946f6f9be7592b60014",
                    "bitmap_width": 100.0,
                    "internal_title": "Chrome",
                    "internal_events": [
                      {
                        "action": "LAUNCH_APP",
                        "intent": "intent:#Intent;action\u003dandroid.intent.action.MAIN;category\u003dandroid.intent.category.LAUNCHER;component\u003dcom.android.chrome/com.google.android.apps.chrome.Main;S.org.kustom.intent.label\u003dChrome;end"
                      }
                    ]
                  }
                ]
              }
            ]
          }
        ]
      },
      {
        "internal_type": "StackLayerModule",
        "internal_title": "Screen 3",
        "internal_animations": [
          {
            "type": "SCROLL",
            "action": "FADE",
            "center": "SCREEN3"
          }
        ],
        "config_stacking": "VERTICAL_CENTER",
        "viewgroup_items": [
          {
            "internal_type": "BitmapModule",
            "bitmap_bitmap": "kfile://org.kustom.provider/bitmaps/IMG187e4fa84b508fd7d4e7cd381cce72ca",
            "bitmap_width": 720.0
          },
          {
            "internal_type": "OverlapLayerModule",
            "viewgroup_items": [
              {
                "internal_type": "ShapeModule",
                "internal_animations": [
                  {
                    "type": "SCROLL",
                    "action": "FADE",
                    "limit": 0.0,
                    "speed": 100,
                    "rule": "CENTER",
                    "angle": 90.0,
                    "center": "SCREEN3"
                  }
                ],
                "shape_type": "RECT",
                "shape_width": 720.0,
                "shape_height": 720.0,
                "internal_title": "Screen 3",
                "paint_color": "#FF9D562A"
              },
              {
                "internal_type": "KomponentModule",
                "internal_title": "Weather Chart",
                "position_anchor": "TOP",
                "globals_list": {
                  "rodcolor": {
                    "index": 1,
                    "type": "COLOR",
                    "title": "RodColor",
                    "value": "#FFFFFFFF"
                  },
                  "textcol": {
                    "index": 2,
                    "type": "COLOR",
                    "title": "TextCol",
                    "value": "#FFFFFFFF"
                  },
                  "minwthr": {
                    "index": 3,
                    "type": "TEXT",
                    "title": "minwthr",
                    "value": "$mu(min, mu(min, mu(min, mu(min, mu(min, mu(min, wf(min, 0), wf(min, 1)), wf(min, 2)), wf(min, 3)), wf(min, 4)), wf(min, 5)), wf(min, 6))-5$"
                  },
                  "maxwthr": {
                    "index": 4,
                    "type": "TEXT",
                    "title": "maxwthr",
                    "value": "$mu(max, mu(max, mu(max, mu(max, mu(max, mu(max, wf(max, 0), wf(max, 1)), wf(max, 2)), wf(max, 3)), wf(max, 4)), wf(max, 5)), wf(max, 6))+5$"
                  },
                  "sizebig": {
                    "index": 5,
                    "type": "NUMBER",
                    "title": "sizeBig",
                    "min": 0,
                    "max": 100,
                    "value": 30.0
                  },
                  "sizesmal": {
                    "index": 6,
                    "type": "NUMBER",
                    "title": "sizeSmal",
                    "min": 0,
                    "max": 100,
                    "value": 24.0
                  },
                  "sizeicon": {
                    "index": 7,
                    "type": "NUMBER",
                    "title": "sizeIcon",
                    "min": 0,
                    "max": 100,
                    "value": 50.0
                  }
                },
                "internal_toggles": {
                  "animation_15212e759c5e467e": 0
                },
                "internal_description": "A min/max weather graph for next 7 days",
                "internal_author_email": "arunk.beece@gmail.com",
                "internal_author_name": "Arunkumar",
                "position_padding_top": 50.0,
                "internal_animations": [
                  {
                    "type": "SCROLL",
                    "center": "FIRST",
                    "speed": 304
                  },
                  {
                    "type": "VISIBILITY",
                    "action": "FADE",
                    "duration": 6
                  }
                ],
                "viewgroup_items": [
                  {
                    "internal_type": "OverlapLayerModule",
                    "internal_title": "Icons",
                    "position_anchor": "TOP",
                    "viewgroup_items": [
                      {
                        "internal_type": "TextModule",
                        "internal_toggles": {
                          "paint_color": 100,
                          "text_size": 100
                        },
                        "internal_globals": {
                          "paint_color": "textcol",
                          "text_size": "sizeicon"
                        },
                        "position_padding_left": 0.0,
                        "position_padding_top": 0.0,
                        "text_expression": "$if(wi(code) \u003d TORNADO, l,\nif(wi(code) \u003d TROPICAL_STORM, W,\nif(wi(code) \u003d HURRICANE, W,\nif(wi(code) \u003d SEVERE_THUNDERSTORMS, W,\nif(wi(code) \u003d MIXED_RAIN_SNOW, e,\nif(wi(code) \u003d MIXED_RAIN_SLEET, e,\nif(wi(code) \u003d MIXED_SNOW_SLEET, e,\nif(wi(code) \u003d FREEZING_DRIZZLE, R,\nif(wi(code) \u003d DRIZZLE, R,\nif(wi(code) \u003d FREEZING_RAIN, r,\nif(wi(code) \u003d SHOWERS, R,\nif(wi(code) \u003d HEAVY_SHOWERS, r,\nif(wi(code) \u003d SNOW_FLURRIES, e,\nif(wi(code) \u003d LIGHT_SNOW_SHOWERS, e,\nif(wi(code) \u003d BLOWING_SNOW, e,\nif(wi(code) \u003d SNOW, e,\nif(wi(code) \u003d HAIL, T,\nif(wi(code) \u003d SLEET, e,\nif(wi(code) \u003d DUST, y,\nif(wi(code) \u003d FOGGY, y,\nif(wi(code) \u003d HAZE, Y,\nif(wi(code) \u003d SMOKEY, Y,\nif(wi(code) \u003d BLUSTERY, o,\nif(wi(code) \u003d WINDY, o,\nif(wi(code) \u003d COLD, Q,\nif(wi(code) \u003d CLOUDY, q,\nif(wi(code) \u003d MOSTLY_CLOUDY, q,\nif(wi(code) \u003d PARTLY_CLOUDY, a,\nif(wi(code) \u003d CLEAR, i,\nif(wi(code) \u003d FAIR, i,\nif(wi(code) \u003d MIXED_RAIN_AND_HAIL, t,\nif(wi(code) \u003d HOT, 6,\nif(wi(code) \u003d ISOLATED_THUNDERSTORMS, W,\nif(wi(code) \u003d SCATTERED_SHOWERS, F,\nif(wi(code) \u003d HEAVY_SNOW, e,\nif(wi(code) \u003d SCATTERED_SNOW_SHOWERS, D,\nif(wi(code) \u003d PARTLY_CLOUD, a,\nif(wi(code) \u003d THUNDER_SHOWERS, U,\nif(wi(code) \u003d SNOW_SHOWERS, D,\nif(wi(code) \u003d ISOLATED_THUDERSHOWERS, U,\nQ))))))))))))))))))))))))))))))))))))))))$",
                        "text_size": 42,
                        "text_family": "kfile://org.kustom.provider/fonts/SunRise2Sunset.ttf",
                        "internal_title": "today icon",
                        "fx_shadow_distance": 20.0,
                        "position_padding_right": 420.0
                      },
                      {
                        "internal_type": "TextModule",
                        "internal_toggles": {
                          "paint_color": 100,
                          "text_size": 100
                        },
                        "internal_globals": {
                          "paint_color": "textcol",
                          "text_size": "sizeicon"
                        },
                        "position_padding_left": 0.0,
                        "text_expression": "$if(wf(code,1) \u003d TORNADO, l, if(wf(code,1) \u003d TROPICAL_STORM, W, if(wf(code,1) \u003d HURRICANE, W, if(wf(code,1) \u003d SEVERE_THUNDERSTORMS, W, if(wf(code,1) \u003d MIXED_RAIN_SNOW, e, if(wf(code,1) \u003d MIXED_RAIN_SLEET, e, if(wf(code,1) \u003d MIXED_SNOW_SLEET, e, if(wf(code,1) \u003d FREEZING_DRIZZLE, R, if(wf(code,1) \u003d DRIZZLE, R, if(wf(code,1) \u003d FREEZING_RAIN, r, if(wf(code,1) \u003d SHOWERS, R, if(wf(code,1) \u003d HEAVY_SHOWERS, r, if(wf(code,1) \u003d SNOW_FLURRIES, e, if(wf(code,1) \u003d LIGHT_SNOW_SHOWERS, e, if(wf(code,1) \u003d BLOWING_SNOW, e, if(wf(code,1) \u003d SNOW, e, if(wf(code,1) \u003d HAIL, T, if(wf(code,1) \u003d SLEET, e, if(wf(code,1) \u003d DUST, y, if(wf(code,1) \u003d FOGGY, y, if(wf(code,1) \u003d HAZE, Y, if(wf(code,1) \u003d SMOKEY, Y, if(wf(code,1) \u003d BLUSTERY, o, if(wf(code,1) \u003d WINDY, o, if(wf(code,1) \u003d COLD, Q, if(wf(code,1) \u003d CLOUDY, q, if(wf(code,1) \u003d MOSTLY_CLOUDY, q, if(wf(code,1) \u003d PARTLY_CLOUDY, a, if(wf(code,1) \u003d CLEAR, i, if(wf(code,1) \u003d FAIR, i, if(wf(code,1) \u003d MIXED_RAIN_AND_HAIL, t, if(wf(code,1) \u003d HOT, 6, if(wf(code,1) \u003d ISOLATED_THUNDERSTORMS, W, if(wf(code,1) \u003d SCATTERED_SHOWERS, F, if(wf(code,1) \u003d HEAVY_SNOW, e, if(wf(code,1) \u003d SCATTERED_SNOW_SHOWERS, D, if(wf(code,1) \u003d PARTLY_CLOUD, a, if(wf(code,1) \u003d THUNDER_SHOWERS, U, if(wf(code,1) \u003d SNOW_SHOWERS, D, if(wf(code,1) \u003d ISOLATED_THUDERSHOWERS, U, Q))))))))))))))))))))))))))))))))))))))))$",
                        "text_size": 38,
                        "text_family": "kfile://org.kustom.provider/fonts/SunRise2Sunset.ttf",
                        "internal_title": "2 today icon",
                        "fx_shadow_distance": 20.0,
                        "position_padding_right": 280.0
                      },
                      {
                        "internal_type": "TextModule",
                        "internal_toggles": {
                          "paint_color": 100,
                          "text_size": 100
                        },
                        "internal_globals": {
                          "paint_color": "textcol",
                          "text_size": "sizeicon"
                        },
                        "position_padding_left": 0.0,
                        "text_expression": "$if(wf(code,2) \u003d TORNADO, l, if(wf(code,2) \u003d TROPICAL_STORM, W, if(wf(code,2) \u003d HURRICANE, W, if(wf(code,2) \u003d SEVERE_THUNDERSTORMS, W, if(wf(code,2) \u003d MIXED_RAIN_SNOW, e, if(wf(code,2) \u003d MIXED_RAIN_SLEET, e, if(wf(code,2) \u003d MIXED_SNOW_SLEET, e, if(wf(code,2) \u003d FREEZING_DRIZZLE, R, if(wf(code,2) \u003d DRIZZLE, R, if(wf(code,2) \u003d FREEZING_RAIN, r, if(wf(code,2) \u003d SHOWERS, R, if(wf(code,2) \u003d HEAVY_SHOWERS, r, if(wf(code,2) \u003d SNOW_FLURRIES, e, if(wf(code,2) \u003d LIGHT_SNOW_SHOWERS, e, if(wf(code,2) \u003d BLOWING_SNOW, e, if(wf(code,2) \u003d SNOW, e, if(wf(code,2) \u003d HAIL, T, if(wf(code,2) \u003d SLEET, e, if(wf(code,2) \u003d DUST, y, if(wf(code,2) \u003d FOGGY, y, if(wf(code,2) \u003d HAZE, Y, if(wf(code,2) \u003d SMOKEY, Y, if(wf(code,2) \u003d BLUSTERY, o, if(wf(code,2) \u003d WINDY, o, if(wf(code,2) \u003d COLD, Q, if(wf(code,2) \u003d CLOUDY, q, if(wf(code,2) \u003d MOSTLY_CLOUDY, q, if(wf(code,2) \u003d PARTLY_CLOUDY, a, if(wf(code,2) \u003d CLEAR, i, if(wf(code,2) \u003d FAIR, i, if(wf(code,2) \u003d MIXED_RAIN_AND_HAIL, t, if(wf(code,2) \u003d HOT, 6, if(wf(code,2) \u003d ISOLATED_THUNDERSTORMS, W, if(wf(code,2) \u003d SCATTERED_SHOWERS, F, if(wf(code,2) \u003d HEAVY_SNOW, e, if(wf(code,2) \u003d SCATTERED_SNOW_SHOWERS, D, if(wf(code,2) \u003d PARTLY_CLOUD, a, if(wf(code,2) \u003d THUNDER_SHOWERS, U, if(wf(code,2) \u003d SNOW_SHOWERS, D, if(wf(code,2) \u003d ISOLATED_THUDERSHOWERS, U, Q))))))))))))))))))))))))))))))))))))))))$",
                        "text_size": 38,
                        "text_family": "kfile://org.kustom.provider/fonts/SunRise2Sunset.ttf",
                        "internal_title": "3 today icon",
                        "fx_shadow_distance": 20.0,
                        "position_padding_right": 140.0
                      },
                      {
                        "internal_type": "TextModule",
                        "internal_toggles": {
                          "paint_color": 100,
                          "text_size": 100
                        },
                        "internal_globals": {
                          "paint_color": "textcol",
                          "text_size": "sizeicon"
                        },
                        "position_padding_left": 0.0,
                        "text_expression": "$if(wf(code,3) \u003d TORNADO, l, if(wf(code,3) \u003d TROPICAL_STORM, W, if(wf(code,3) \u003d HURRICANE, W, if(wf(code,3) \u003d SEVERE_THUNDERSTORMS, W, if(wf(code,3) \u003d MIXED_RAIN_SNOW, e, if(wf(code,3) \u003d MIXED_RAIN_SLEET, e, if(wf(code,3) \u003d MIXED_SNOW_SLEET, e, if(wf(code,3) \u003d FREEZING_DRIZZLE, R, if(wf(code,3) \u003d DRIZZLE, R, if(wf(code,3) \u003d FREEZING_RAIN, r, if(wf(code,3) \u003d SHOWERS, R, if(wf(code,3) \u003d HEAVY_SHOWERS, r, if(wf(code,3) \u003d SNOW_FLURRIES, e, if(wf(code,3) \u003d LIGHT_SNOW_SHOWERS, e, if(wf(code,3) \u003d BLOWING_SNOW, e, if(wf(code,3) \u003d SNOW, e, if(wf(code,3) \u003d HAIL, T, if(wf(code,3) \u003d SLEET, e, if(wf(code,3) \u003d DUST, y, if(wf(code,3) \u003d FOGGY, y, if(wf(code,3) \u003d HAZE, Y, if(wf(code,3) \u003d SMOKEY, Y, if(wf(code,3) \u003d BLUSTERY, o, if(wf(code,3) \u003d WINDY, o, if(wf(code,3) \u003d COLD, Q, if(wf(code,3) \u003d CLOUDY, q, if(wf(code,3) \u003d MOSTLY_CLOUDY, q, if(wf(code,3) \u003d PARTLY_CLOUDY, a, if(wf(code,3) \u003d CLEAR, i, if(wf(code,3) \u003d FAIR, i, if(wf(code,3) \u003d MIXED_RAIN_AND_HAIL, t, if(wf(code,3) \u003d HOT, 6, if(wf(code,3) \u003d ISOLATED_THUNDERSTORMS, W, if(wf(code,3) \u003d SCATTERED_SHOWERS, F, if(wf(code,3) \u003d HEAVY_SNOW, e, if(wf(code,3) \u003d SCATTERED_SNOW_SHOWERS, D, if(wf(code,3) \u003d PARTLY_CLOUD, a, if(wf(code,3) \u003d THUNDER_SHOWERS, U, if(wf(code,3) \u003d SNOW_SHOWERS, D, if(wf(code,3) \u003d ISOLATED_THUDERSHOWERS, U, Q))))))))))))))))))))))))))))))))))))))))$",
                        "text_size": 38,
                        "text_family": "kfile://org.kustom.provider/fonts/SunRise2Sunset.ttf",
                        "internal_title": "4 today icon",
                        "fx_shadow_distance": 20.0
                      },
                      {
                        "internal_type": "TextModule",
                        "internal_toggles": {
                          "paint_color": 100,
                          "text_size": 100
                        },
                        "internal_globals": {
                          "paint_color": "textcol",
                          "text_size": "sizeicon"
                        },
                        "text_expression": "$if(wf(code,4) \u003d TORNADO, l, if(wf(code,4) \u003d TROPICAL_STORM, W, if(wf(code,4) \u003d HURRICANE, W, if(wf(code,4) \u003d SEVERE_THUNDERSTORMS, W, if(wf(code,4) \u003d MIXED_RAIN_SNOW, e, if(wf(code,4) \u003d MIXED_RAIN_SLEET, e, if(wf(code,4) \u003d MIXED_SNOW_SLEET, e, if(wf(code,4) \u003d FREEZING_DRIZZLE, R, if(wf(code,4) \u003d DRIZZLE, R, if(wf(code,4) \u003d FREEZING_RAIN, r, if(wf(code,4) \u003d SHOWERS, R, if(wf(code,4) \u003d HEAVY_SHOWERS, r, if(wf(code,4) \u003d SNOW_FLURRIES, e, if(wf(code,4) \u003d LIGHT_SNOW_SHOWERS, e, if(wf(code,4) \u003d BLOWING_SNOW, e, if(wf(code,4) \u003d SNOW, e, if(wf(code,4) \u003d HAIL, T, if(wf(code,4) \u003d SLEET, e, if(wf(code,4) \u003d DUST, y, if(wf(code,4) \u003d FOGGY, y, if(wf(code,4) \u003d HAZE, Y, if(wf(code,4) \u003d SMOKEY, Y, if(wf(code,4) \u003d BLUSTERY, o, if(wf(code,4) \u003d WINDY, o, if(wf(code,4) \u003d COLD, Q, if(wf(code,4) \u003d CLOUDY, q, if(wf(code,4) \u003d MOSTLY_CLOUDY, q, if(wf(code,4) \u003d PARTLY_CLOUDY, a, if(wf(code,4) \u003d CLEAR, i, if(wf(code,4) \u003d FAIR, i, if(wf(code,4) \u003d MIXED_RAIN_AND_HAIL, t, if(wf(code,4) \u003d HOT, 6, if(wf(code,4) \u003d ISOLATED_THUNDERSTORMS, W, if(wf(code,4) \u003d SCATTERED_SHOWERS, F, if(wf(code,4) \u003d HEAVY_SNOW, e, if(wf(code,4) \u003d SCATTERED_SNOW_SHOWERS, D, if(wf(code,4) \u003d PARTLY_CLOUD, a, if(wf(code,4) \u003d THUNDER_SHOWERS, U, if(wf(code,4) \u003d SNOW_SHOWERS, D, if(wf(code,4) \u003d ISOLATED_THUDERSHOWERS, U, Q))))))))))))))))))))))))))))))))))))))))$",
                        "text_size": 38,
                        "text_family": "kfile://org.kustom.provider/fonts/SunRise2Sunset.ttf",
                        "internal_title": "5 today icon",
                        "position_padding_right": 0.0,
                        "fx_shadow_distance": 20.0,
                        "position_padding_left": 140.0
                      },
                      {
                        "internal_type": "TextModule",
                        "internal_toggles": {
                          "paint_color": 100,
                          "text_size": 100
                        },
                        "internal_globals": {
                          "paint_color": "textcol",
                          "text_size": "sizeicon"
                        },
                        "text_expression": "$if(wf(code,5) \u003d TORNADO, l, if(wf(code,5) \u003d TROPICAL_STORM, W, if(wf(code,5) \u003d HURRICANE, W, if(wf(code,5) \u003d SEVERE_THUNDERSTORMS, W, if(wf(code,5) \u003d MIXED_RAIN_SNOW, e, if(wf(code,5) \u003d MIXED_RAIN_SLEET, e, if(wf(code,5) \u003d MIXED_SNOW_SLEET, e, if(wf(code,5) \u003d FREEZING_DRIZZLE, R, if(wf(code,5) \u003d DRIZZLE, R, if(wf(code,5) \u003d FREEZING_RAIN, r, if(wf(code,5) \u003d SHOWERS, R, if(wf(code,5) \u003d HEAVY_SHOWERS, r, if(wf(code,5) \u003d SNOW_FLURRIES, e, if(wf(code,5) \u003d LIGHT_SNOW_SHOWERS, e, if(wf(code,5) \u003d BLOWING_SNOW, e, if(wf(code,5) \u003d SNOW, e, if(wf(code,5) \u003d HAIL, T, if(wf(code,5) \u003d SLEET, e, if(wf(code,5) \u003d DUST, y, if(wf(code,5) \u003d FOGGY, y, if(wf(code,5) \u003d HAZE, Y, if(wf(code,5) \u003d SMOKEY, Y, if(wf(code,5) \u003d BLUSTERY, o, if(wf(code,5) \u003d WINDY, o, if(wf(code,5) \u003d COLD, Q, if(wf(code,5) \u003d CLOUDY, q, if(wf(code,5) \u003d MOSTLY_CLOUDY, q, if(wf(code,5) \u003d PARTLY_CLOUDY, a, if(wf(code,5) \u003d CLEAR, i, if(wf(code,5) \u003d FAIR, i, if(wf(code,5) \u003d MIXED_RAIN_AND_HAIL, t, if(wf(code,5) \u003d HOT, 6, if(wf(code,5) \u003d ISOLATED_THUNDERSTORMS, W, if(wf(code,5) \u003d SCATTERED_SHOWERS, F, if(wf(code,5) \u003d HEAVY_SNOW, e, if(wf(code,5) \u003d SCATTERED_SNOW_SHOWERS, D, if(wf(code,5) \u003d PARTLY_CLOUD, a, if(wf(code,5) \u003d THUNDER_SHOWERS, U, if(wf(code,5) \u003d SNOW_SHOWERS, D, if(wf(code,5) \u003d ISOLATED_THUDERSHOWERS, U, Q))))))))))))))))))))))))))))))))))))))))$",
                        "text_size": 38,
                        "text_family": "kfile://org.kustom.provider/fonts/SunRise2Sunset.ttf",
                        "internal_title": "6 today icon",
                        "position_padding_right": 0.0,
                        "fx_shadow_distance": 20.0,
                        "position_padding_left": 280.0
                      },
                      {
                        "internal_type": "TextModule",
                        "internal_toggles": {
                          "paint_color": 100,
                          "text_size": 100
                        },
                        "internal_globals": {
                          "paint_color": "textcol",
                          "text_size": "sizeicon"
                        },
                        "text_expression": "$if(wf(code,6) \u003d TORNADO, l, if(wf(code,6) \u003d TROPICAL_STORM, W, if(wf(code,6) \u003d HURRICANE, W, if(wf(code,6) \u003d SEVERE_THUNDERSTORMS, W, if(wf(code,6) \u003d MIXED_RAIN_SNOW, e, if(wf(code,6) \u003d MIXED_RAIN_SLEET, e, if(wf(code,6) \u003d MIXED_SNOW_SLEET, e, if(wf(code,6) \u003d FREEZING_DRIZZLE, R, if(wf(code,6) \u003d DRIZZLE, R, if(wf(code,6) \u003d FREEZING_RAIN, r, if(wf(code,6) \u003d SHOWERS, R, if(wf(code,6) \u003d HEAVY_SHOWERS, r, if(wf(code,6) \u003d SNOW_FLURRIES, e, if(wf(code,6) \u003d LIGHT_SNOW_SHOWERS, e, if(wf(code,6) \u003d BLOWING_SNOW, e, if(wf(code,6) \u003d SNOW, e, if(wf(code,6) \u003d HAIL, T, if(wf(code,6) \u003d SLEET, e, if(wf(code,6) \u003d DUST, y, if(wf(code,6) \u003d FOGGY, y, if(wf(code,6) \u003d HAZE, Y, if(wf(code,6) \u003d SMOKEY, Y, if(wf(code,6) \u003d BLUSTERY, o, if(wf(code,6) \u003d WINDY, o, if(wf(code,6) \u003d COLD, Q, if(wf(code,6) \u003d CLOUDY, q, if(wf(code,6) \u003d MOSTLY_CLOUDY, q, if(wf(code,6) \u003d PARTLY_CLOUDY, a, if(wf(code,6) \u003d CLEAR, i, if(wf(code,6) \u003d FAIR, i, if(wf(code,6) \u003d MIXED_RAIN_AND_HAIL, t, if(wf(code,6) \u003d HOT, 6, if(wf(code,6) \u003d ISOLATED_THUNDERSTORMS, W, if(wf(code,6) \u003d SCATTERED_SHOWERS, F, if(wf(code,6) \u003d HEAVY_SNOW, e, if(wf(code,6) \u003d SCATTERED_SNOW_SHOWERS, D, if(wf(code,6) \u003d PARTLY_CLOUD, a, if(wf(code,6) \u003d THUNDER_SHOWERS, U, if(wf(code,6) \u003d SNOW_SHOWERS, D, if(wf(code,6) \u003d ISOLATED_THUDERSHOWERS, U, Q))))))))))))))))))))))))))))))))))))))))$",
                        "text_size": 38,
                        "text_family": "kfile://org.kustom.provider/fonts/SunRise2Sunset.ttf",
                        "internal_title": "7 today icon",
                        "position_padding_right": 0.0,
                        "fx_shadow_distance": 20.0,
                        "position_padding_left": 420.0
                      }
                    ]
                  },
                  {
                    "internal_type": "OverlapLayerModule",
                    "internal_title": "Max",
                    "position_padding_top": 50.0,
                    "position_anchor": "TOP",
                    "viewgroup_items": [
                      {
                        "internal_type": "TextModule",
                        "internal_title": "today max temp",
                        "internal_toggles": {
                          "paint_color": 100,
                          "text_size": 100
                        },
                        "internal_globals": {
                          "paint_color": "textcol",
                          "text_size": "sizebig"
                        },
                        "position_padding_left": 0.0,
                        "position_padding_bottom": 0.0,
                        "text_expression": "$wf(max, 0)$°",
                        "text_size": 25,
                        "text_align": "CENTER",
                        "text_family": "kfile://org.kustom.provider/fonts/FtraLt.ttf",
                        "fx_shadow_distance": 20.0,
                        "position_padding_top": 0.0,
                        "position_padding_right": 420.0
                      },
                      {
                        "internal_type": "TextModule",
                        "internal_title": "2 max temp",
                        "internal_toggles": {
                          "paint_color": 100,
                          "position_padding_bottom": 0,
                          "text_size": 100
                        },
                        "internal_globals": {
                          "paint_color": "textcol",
                          "text_size": "sizebig"
                        },
                        "position_padding_left": 0.0,
                        "position_padding_bottom": 0.0,
                        "text_expression": "$wf(max, 1)$°",
                        "text_size": 25,
                        "text_align": "RIGHT",
                        "text_family": "kfile://org.kustom.provider/fonts/FtraLt.ttf",
                        "internal_formulas": {
                          "position_padding_bottom": "$mu(max, mu(min, (wf(max, 1)+2-gv(minwthr, 0))  *  (442 - 1) / (gv(maxwthr, 0)- gv(minwthr, 0)) + 1, 442), 1)$"
                        },
                        "fx_shadow_distance": 20.0,
                        "position_padding_right": 280.0,
                        "position_padding_top": 0.0
                      },
                      {
                        "internal_type": "TextModule",
                        "internal_title": "3 max temp",
                        "internal_toggles": {
                          "paint_color": 100,
                          "position_padding_bottom": 0,
                          "text_size": 100
                        },
                        "internal_globals": {
                          "paint_color": "textcol",
                          "text_size": "sizebig"
                        },
                        "position_padding_left": 0.0,
                        "position_padding_bottom": 0.0,
                        "text_expression": "$wf(max, 2)$°",
                        "text_size": 25,
                        "text_align": "RIGHT",
                        "text_family": "kfile://org.kustom.provider/fonts/FtraLt.ttf",
                        "internal_formulas": {
                          "position_padding_bottom": "$mu(max, mu(min, (wf(max, 2)+2-gv(minwthr, 0))  *  (432 - 1) / (gv(maxwthr, 0)- gv(minwthr, 0)) + 1, 432), 1)$"
                        },
                        "fx_shadow_distance": 20.0,
                        "position_padding_top": 0.0,
                        "position_padding_right": 140.0
                      },
                      {
                        "internal_type": "TextModule",
                        "internal_title": "4 max temp",
                        "internal_toggles": {
                          "paint_color": 100,
                          "position_padding_bottom": 0,
                          "text_size": 100
                        },
                        "internal_globals": {
                          "paint_color": "textcol",
                          "text_size": "sizebig"
                        },
                        "position_padding_bottom": 0.0,
                        "text_expression": "$wf(max, 3)$°",
                        "text_size": 25,
                        "text_align": "RIGHT",
                        "text_family": "kfile://org.kustom.provider/fonts/FtraLt.ttf",
                        "internal_formulas": {
                          "position_padding_bottom": "$mu(max, mu(min, (wf(max, 3)+2-gv(minwthr, 0))  *  (432 - 1) / (gv(maxwthr, 0)- gv(minwthr, 0)) + 1, 432), 1)$"
                        },
                        "position_padding_right": 0.0,
                        "fx_shadow_distance": 20.0,
                        "position_padding_left": 0.0,
                        "position_padding_top": 0.0
                      },
                      {
                        "internal_type": "TextModule",
                        "internal_title": "5 max temp",
                        "internal_toggles": {
                          "paint_color": 100,
                          "position_padding_bottom": 0,
                          "text_size": 100
                        },
                        "internal_globals": {
                          "paint_color": "textcol",
                          "text_size": "sizebig"
                        },
                        "position_padding_bottom": 0.0,
                        "text_expression": "$wf(max, 4)$°",
                        "text_size": 25,
                        "text_align": "RIGHT",
                        "text_family": "kfile://org.kustom.provider/fonts/FtraLt.ttf",
                        "position_padding_right": 0.0,
                        "internal_formulas": {
                          "position_padding_bottom": "$mu(max, mu(min, (wf(max, 4)+2-gv(minwthr, 0))  *  (432 - 1) / (gv(maxwthr, 0)- gv(minwthr, 0)) + 1, 432), 1)$"
                        },
                        "fx_shadow_distance": 20.0,
                        "position_padding_left": 140.0,
                        "position_padding_top": 0.0
                      },
                      {
                        "internal_type": "TextModule",
                        "internal_title": "6 max temp",
                        "internal_toggles": {
                          "paint_color": 100,
                          "position_padding_top": 0,
                          "position_padding_bottom": 0,
                          "text_size": 100
                        },
                        "internal_globals": {
                          "paint_color": "textcol",
                          "text_size": "sizebig"
                        },
                        "position_padding_bottom": 0.0,
                        "text_expression": "$wf(max, 5)$°",
                        "text_size": 25,
                        "text_align": "RIGHT",
                        "text_family": "kfile://org.kustom.provider/fonts/FtraLt.ttf",
                        "position_padding_right": 0.0,
                        "internal_formulas": {
                          "position_padding_top": "$mu(max, mu(min, (wf(max, 5)-gv(minwthr, 0))  *  (432 - 1) / (gv(maxwthr, 0)- gv(minwthr, 0)) + 1, 432), 1)$",
                          "position_padding_bottom": "$mu(max, mu(min, (wf(max, 5)+2-gv(minwthr, 0))  *  (432 - 1) / (gv(maxwthr, 0)- gv(minwthr, 0)) + 1, 432), 1)$"
                        },
                        "fx_shadow_distance": 20.0,
                        "position_padding_left": 280.0,
                        "position_padding_top": 0.0
                      },
                      {
                        "internal_type": "TextModule",
                        "internal_title": "7 max temp",
                        "internal_toggles": {
                          "paint_color": 100,
                          "position_padding_bottom": 0,
                          "text_size": 100
                        },
                        "internal_globals": {
                          "paint_color": "textcol",
                          "text_size": "sizebig"
                        },
                        "position_padding_bottom": 0.0,
                        "text_expression": "$wf(max, 6)$°",
                        "text_size": 25,
                        "text_align": "RIGHT",
                        "text_family": "kfile://org.kustom.provider/fonts/FtraLt.ttf",
                        "position_padding_right": 0.0,
                        "internal_formulas": {
                          "position_padding_bottom": "$mu(max, mu(min, (wf(max, 6)+2-gv(minwthr, 0))  *  (432 - 1) / (gv(maxwthr, 0)- gv(minwthr, 0)) + 1, 432), 1)$"
                        },
                        "fx_shadow_distance": 20.0,
                        "position_padding_left": 420.0,
                        "position_padding_top": 0.0
                      }
                    ]
                  },
                  {
                    "internal_type": "OverlapLayerModule",
                    "internal_title": "Min",
                    "position_padding_top": 100.0,
                    "position_anchor": "TOP",
                    "viewgroup_items": [
                      {
                        "internal_type": "TextModule",
                        "internal_title": "today min temp",
                        "internal_toggles": {
                          "paint_color": 100,
                          "text_size": 100
                        },
                        "internal_globals": {
                          "paint_color": "textcol",
                          "text_size": "sizebig"
                        },
                        "position_padding_left": 0.0,
                        "position_padding_bottom": 0.0,
                        "text_expression": "$wf(min, 0)$°",
                        "text_size": 25,
                        "text_align": "CENTER",
                        "text_family": "kfile://org.kustom.provider/fonts/FtraLt.ttf",
                        "fx_shadow_distance": 20.0,
                        "position_padding_right": 420.0
                      },
                      {
                        "internal_type": "TextModule",
                        "internal_title": "2 min temp",
                        "internal_toggles": {
                          "paint_color": 100,
                          "position_padding_bottom": 0,
                          "text_size": 100
                        },
                        "internal_globals": {
                          "paint_color": "textcol",
                          "text_size": "sizebig"
                        },
                        "position_padding_left": 0.0,
                        "position_padding_bottom": 0.0,
                        "text_expression": "$wf(min, 1)$°",
                        "text_size": 25,
                        "text_align": "RIGHT",
                        "text_family": "kfile://org.kustom.provider/fonts/FtraLt.ttf",
                        "internal_formulas": {
                          "position_padding_bottom": "$mu(max, mu(min, (wf(min, 1)-2-gv(minwthr, 0))  *  (442 - 1) / (gv(maxwthr, 0)- gv(minwthr, 0)) + 1, 442), 1)$"
                        },
                        "fx_shadow_distance": 20.0,
                        "position_padding_right": 280.0
                      },
                      {
                        "internal_type": "TextModule",
                        "internal_title": "3 min temp",
                        "internal_toggles": {
                          "paint_color": 100,
                          "position_padding_bottom": 0,
                          "text_size": 100
                        },
                        "internal_globals": {
                          "paint_color": "textcol",
                          "text_size": "sizebig"
                        },
                        "position_padding_left": 0.0,
                        "position_padding_bottom": 0.0,
                        "text_expression": "$wf(min, 2)$°",
                        "text_size": 25,
                        "text_align": "RIGHT",
                        "text_family": "kfile://org.kustom.provider/fonts/FtraLt.ttf",
                        "internal_formulas": {
                          "position_padding_bottom": "$mu(max, mu(min, (wf(min, 2)-2-gv(minwthr, 0))  *  (432 - 1) / (gv(maxwthr, 0)- gv(minwthr, 0)) + 1, 432), 1)$"
                        },
                        "fx_shadow_distance": 20.0,
                        "position_padding_right": 140.0
                      },
                      {
                        "internal_type": "TextModule",
                        "internal_title": "4 min temp",
                        "internal_toggles": {
                          "paint_color": 100,
                          "position_padding_bottom": 0,
                          "text_size": 100
                        },
                        "internal_globals": {
                          "paint_color": "textcol",
                          "text_size": "sizebig"
                        },
                        "position_padding_bottom": 0.0,
                        "text_expression": "$wf(min, 3)$°",
                        "text_size": 25,
                        "text_align": "CENTER",
                        "text_family": "kfile://org.kustom.provider/fonts/FtraLt.ttf",
                        "internal_formulas": {
                          "position_padding_bottom": "$mu(max, mu(min, (wf(min, 3)-2-gv(minwthr, 0))  *  (432 - 1) / (gv(maxwthr, 0)- gv(minwthr, 0)) + 1, 432), 1)$"
                        },
                        "fx_shadow_distance": 20.0,
                        "position_padding_left": 0.0
                      },
                      {
                        "internal_type": "TextModule",
                        "internal_title": "5 min temp",
                        "internal_toggles": {
                          "paint_color": 100,
                          "position_padding_bottom": 0,
                          "text_size": 100
                        },
                        "internal_globals": {
                          "paint_color": "textcol",
                          "text_size": "sizebig"
                        },
                        "position_padding_bottom": 0.0,
                        "text_expression": "$wf(min, 4)$°",
                        "text_size": 25,
                        "text_align": "RIGHT",
                        "text_family": "kfile://org.kustom.provider/fonts/FtraLt.ttf",
                        "position_padding_right": 0.0,
                        "internal_formulas": {
                          "position_padding_bottom": "$mu(max, mu(min, (wf(min, 4)-2-gv(minwthr, 0))  *  (432 - 1) / (gv(maxwthr, 0)- gv(minwthr, 0)) + 1, 432), 1)$"
                        },
                        "fx_shadow_distance": 20.0,
                        "position_padding_left": 140.0
                      },
                      {
                        "internal_type": "TextModule",
                        "internal_title": "6 min temp",
                        "internal_toggles": {
                          "paint_color": 100,
                          "position_padding_bottom": 0,
                          "text_size": 100
                        },
                        "internal_globals": {
                          "paint_color": "textcol",
                          "text_size": "sizebig"
                        },
                        "position_padding_bottom": 0.0,
                        "text_expression": "$wf(min, 5)$°",
                        "text_size": 25,
                        "text_align": "CENTER",
                        "text_family": "kfile://org.kustom.provider/fonts/FtraLt.ttf",
                        "position_padding_right": 0.0,
                        "internal_formulas": {
                          "position_padding_bottom": "$mu(max, mu(min, (wf(min, 5)-2-gv(minwthr, 0))  *  (432 - 1) / (gv(maxwthr, 0)- gv(minwthr, 0)) + 1, 432), 1)$"
                        },
                        "fx_shadow_distance": 20.0,
                        "position_padding_left": 280.0
                      },
                      {
                        "internal_type": "TextModule",
                        "internal_title": "7 min temp",
                        "internal_toggles": {
                          "paint_color": 100,
                          "position_padding_bottom": 0,
                          "text_size": 100
                        },
                        "internal_globals": {
                          "paint_color": "textcol",
                          "text_size": "sizebig"
                        },
                        "position_padding_bottom": 0.0,
                        "text_expression": "$wf(min, 6)$°",
                        "text_size": 25,
                        "text_align": "RIGHT",
                        "text_family": "kfile://org.kustom.provider/fonts/FtraLt.ttf",
                        "position_padding_right": 0.0,
                        "internal_formulas": {
                          "position_padding_bottom": "$mu(max, mu(min, (wf(min, 6)-2-gv(minwthr, 0))  *  (432 - 1) / (gv(maxwthr, 0)- gv(minwthr, 0)) + 1, 432), 1)$"
                        },
                        "fx_shadow_distance": 20.0,
                        "position_padding_left": 420.0
                      }
                    ]
                  },
                  {
                    "internal_type": "OverlapLayerModule",
                    "internal_title": "Grid",
                    "position_padding_top": 150.0,
                    "position_anchor": "TOP",
                    "viewgroup_items": [
                      {
                        "internal_type": "ShapeModule",
                        "internal_title": "1 line",
                        "internal_toggles": {
                          "paint_color": 100
                        },
                        "internal_globals": {
                          "paint_color": "rodcolor"
                        },
                        "position_padding_left": 0.0,
                        "shape_type": "RECT",
                        "shape_width": 2,
                        "shape_height": 16,
                        "fx_shadow_distance": 20.0,
                        "position_padding_top": 0.0,
                        "position_padding_right": 420.0
                      },
                      {
                        "internal_type": "ShapeModule",
                        "internal_title": "2 line",
                        "internal_toggles": {
                          "paint_color": 100
                        },
                        "internal_globals": {
                          "paint_color": "rodcolor"
                        },
                        "position_padding_left": 0.0,
                        "shape_type": "RECT",
                        "shape_width": 2,
                        "shape_height": 16,
                        "fx_shadow_distance": 20.0,
                        "position_padding_top": 0.0,
                        "position_padding_right": 280.0
                      },
                      {
                        "internal_type": "ShapeModule",
                        "internal_title": "3 line",
                        "internal_toggles": {
                          "paint_color": 100
                        },
                        "internal_globals": {
                          "paint_color": "rodcolor"
                        },
                        "position_padding_left": 0.0,
                        "shape_type": "RECT",
                        "shape_width": 2,
                        "shape_height": 16,
                        "fx_shadow_distance": 20.0,
                        "position_padding_top": 0.0,
                        "position_padding_right": 140.0
                      },
                      {
                        "internal_type": "ShapeModule",
                        "internal_title": "4 line",
                        "internal_toggles": {
                          "paint_color": 100
                        },
                        "internal_globals": {
                          "paint_color": "rodcolor"
                        },
                        "position_padding_left": 0.0,
                        "shape_type": "RECT",
                        "shape_width": 2.0,
                        "shape_height": 16,
                        "fx_shadow_distance": 20.0,
                        "position_padding_top": 0.0
                      },
                      {
                        "internal_type": "ShapeModule",
                        "internal_title": "5 line",
                        "internal_toggles": {
                          "paint_color": 100
                        },
                        "internal_globals": {
                          "paint_color": "rodcolor"
                        },
                        "shape_type": "RECT",
                        "shape_width": 2,
                        "shape_height": 16,
                        "position_padding_right": 0.0,
                        "fx_shadow_distance": 20.0,
                        "position_padding_left": 140.0,
                        "position_padding_top": 0.0
                      },
                      {
                        "internal_type": "ShapeModule",
                        "internal_title": "6 line",
                        "internal_toggles": {
                          "paint_color": 100
                        },
                        "internal_globals": {
                          "paint_color": "rodcolor"
                        },
                        "shape_type": "RECT",
                        "shape_width": 2,
                        "shape_height": 16,
                        "position_padding_right": 0.0,
                        "fx_shadow_distance": 20.0,
                        "position_padding_left": 280.0,
                        "position_padding_top": 0.0
                      },
                      {
                        "internal_type": "ShapeModule",
                        "internal_title": "7 line",
                        "internal_toggles": {
                          "paint_color": 100
                        },
                        "internal_globals": {
                          "paint_color": "rodcolor"
                        },
                        "shape_type": "RECT",
                        "shape_width": 2,
                        "shape_height": 16,
                        "position_padding_right": 0.0,
                        "fx_shadow_distance": 20.0,
                        "position_padding_left": 420.0,
                        "position_padding_top": 0.0
                      },
                      {
                        "internal_type": "ShapeModule",
                        "internal_title": "minweather",
                        "internal_toggles": {
                          "paint_color": 100
                        },
                        "internal_globals": {
                          "paint_color": "rodcolor"
                        },
                        "position_padding_left": 0.0,
                        "shape_type": "RECT",
                        "shape_width": 420.0,
                        "shape_height": 1,
                        "fx_shadow_distance": 20.0,
                        "position_padding_top": 7.0,
                        "position_anchor": "TOPLEFT"
                      }
                    ]
                  },
                  {
                    "internal_type": "OverlapLayerModule",
                    "position_padding_top": 165.0,
                    "position_anchor": "TOP",
                    "internal_title": "Dates",
                    "viewgroup_items": [
                      {
                        "internal_type": "TextModule",
                        "internal_toggles": {
                          "paint_color": 100,
                          "text_size": 100
                        },
                        "internal_globals": {
                          "paint_color": "textcol",
                          "text_size": "sizesmal"
                        },
                        "position_padding_left": 0.0,
                        "position_padding_top": 0.0,
                        "text_expression": "$tc(up, df(EEE))$",
                        "text_family": "kfile://org.kustom.provider/fonts/FtraLt.ttf",
                        "fx_shadow_distance": 20.0,
                        "position_padding_right": 420.0
                      },
                      {
                        "internal_type": "TextModule",
                        "internal_toggles": {
                          "paint_color": 100,
                          "text_size": 100
                        },
                        "internal_globals": {
                          "paint_color": "textcol",
                          "text_size": "sizesmal"
                        },
                        "position_padding_left": 0.0,
                        "position_padding_top": 0.0,
                        "text_expression": "$tc(up, df(EEE, a1d))$",
                        "text_family": "kfile://org.kustom.provider/fonts/FtraLt.ttf",
                        "fx_shadow_distance": 20.0,
                        "position_padding_right": 280.0
                      },
                      {
                        "internal_type": "TextModule",
                        "internal_toggles": {
                          "paint_color": 100,
                          "text_size": 100
                        },
                        "internal_globals": {
                          "paint_color": "textcol",
                          "text_size": "sizesmal"
                        },
                        "position_padding_left": 0.0,
                        "position_padding_top": 0.0,
                        "text_expression": "$tc(up, df(EEE, a2d)   )$",
                        "text_family": "kfile://org.kustom.provider/fonts/FtraLt.ttf",
                        "fx_shadow_distance": 20.0,
                        "position_padding_right": 140.0
                      },
                      {
                        "internal_type": "TextModule",
                        "internal_toggles": {
                          "paint_color": 100,
                          "text_size": 100
                        },
                        "internal_globals": {
                          "paint_color": "textcol",
                          "text_size": "sizesmal"
                        },
                        "position_padding_left": 0.0,
                        "position_padding_top": 0.0,
                        "text_expression": "$tc(up, df(EEE, a3d)   )$",
                        "text_family": "kfile://org.kustom.provider/fonts/FtraLt.ttf",
                        "fx_shadow_distance": 20.0
                      },
                      {
                        "internal_type": "TextModule",
                        "internal_toggles": {
                          "paint_color": 100,
                          "text_size": 100
                        },
                        "internal_globals": {
                          "paint_color": "textcol",
                          "text_size": "sizesmal"
                        },
                        "position_padding_top": 0.0,
                        "text_expression": "$tc(up, df(EEE, a4d)   )$",
                        "text_family": "kfile://org.kustom.provider/fonts/FtraLt.ttf",
                        "position_padding_right": 0.0,
                        "fx_shadow_distance": 20.0,
                        "position_padding_left": 140.0
                      },
                      {
                        "internal_type": "TextModule",
                        "internal_toggles": {
                          "paint_color": 100,
                          "text_size": 100
                        },
                        "internal_globals": {
                          "paint_color": "textcol",
                          "text_size": "sizesmal"
                        },
                        "position_padding_top": 0.0,
                        "text_expression": "$tc(up, df(EEE, a5d)   )$",
                        "text_family": "kfile://org.kustom.provider/fonts/FtraLt.ttf",
                        "position_padding_right": 0.0,
                        "fx_shadow_distance": 20.0,
                        "position_padding_left": 280.0
                      },
                      {
                        "internal_type": "TextModule",
                        "internal_toggles": {
                          "paint_color": 100,
                          "text_size": 100
                        },
                        "internal_globals": {
                          "paint_color": "textcol",
                          "text_size": "sizesmal"
                        },
                        "position_padding_top": 0.0,
                        "text_expression": "$tc(up, df(EEE, a6d)   )$",
                        "text_family": "kfile://org.kustom.provider/fonts/FtraLt.ttf",
                        "position_padding_right": 0.0,
                        "fx_shadow_distance": 20.0,
                        "position_padding_left": 420.0
                      }
                    ]
                  },
                  {
                    "internal_type": "TextModule",
                    "position_padding_top": 200.0,
                    "position_anchor": "TOP",
                    "text_expression": "$tc(up, li(loc))$ $li(postal)$ UPDATED $tc(up,tf(wi(updated)))$",
                    "text_size": 20.0,
                    "text_family": "kfile://org.kustom.provider/fonts/FtraLt.ttf",
                    "internal_toggles": {
                      "text_size": 100
                    },
                    "internal_globals": {
                      "text_size": "sizesmal"
                    }
                  },
                  {
                    "internal_type": "TextModule",
                    "internal_title": "now",
                    "internal_toggles": {
                      "paint_color": 100,
                      "position_padding_bottom": 0,
                      "text_size": 100
                    },
                    "internal_formulas": {
                      "position_padding_bottom": "$mu(max, mu(min, (wi(temp)-wf(min,0))  *  (344 - 97) / (wf(max,0) - wf(min,0)) + 97, 344), 97)$"
                    },
                    "internal_globals": {
                      "paint_color": "textcol",
                      "text_size": "sizesmal"
                    },
                    "position_padding_bottom": 0.0,
                    "position_anchor": "TOP",
                    "text_expression": "CURRENTLY $wi(temp)$°",
                    "text_size": 20.0,
                    "text_family": "kfile://org.kustom.provider/fonts/FtraLt.ttf",
                    "text_align": "RIGHT",
                    "fx_shadow_distance": 20.0,
                    "position_padding_left": 0.0,
                    "position_padding_right": 0.0,
                    "position_padding_top": 225.0
                  },
                  {
                    "internal_type": "ShapeModule",
                    "internal_events": [
                      {
                        "action": "KUSTOM_ACTION",
                        "kustom_action": "WEATHER_UPDATE"
                      }
                    ],
                    "position_anchor": "TOP",
                    "shape_type": "RECT",
                    "shape_width": 420.0,
                    "shape_height": 250.0,
                    "paint_color": "#00FFFFFF"
                  }
                ]
              },
              {
                "internal_type": "OverlapLayerModule",
                "internal_title": "Apps",
                "viewgroup_items": [
                  {
                    "internal_type": "BitmapModule",
                    "position_padding_left": 0.0,
                    "position_padding_right": 525.0,
                    "position_padding_top": 450.0,
                    "bitmap_bitmap": "kfile://org.kustom.provider/bitmaps/IMGcfde6236f3ae8b0866a20ff8f9856c20",
                    "bitmap_width": 100.0,
                    "internal_title": "AndChat",
                    "internal_events": [
                      {
                        "action": "LAUNCH_APP",
                        "intent": "intent:#Intent;action\u003dandroid.intent.action.MAIN;category\u003dandroid.intent.category.LAUNCHER;component\u003dnet.andchat/.Activities.Main;S.org.kustom.intent.label\u003dAndChat;end"
                      }
                    ]
                  },
                  {
                    "internal_type": "BitmapModule",
                    "internal_title": "Calendar",
                    "internal_events": [
                      {
                        "action": "LAUNCH_APP",
                        "intent": "intent:#Intent;action\u003dandroid.intent.action.MAIN;category\u003dandroid.intent.category.LAUNCHER;component\u003dcom.android.calendar/.AllInOneActivity;S.org.kustom.intent.label\u003dCalendar;end"
                      }
                    ],
                    "position_padding_left": 0.0,
                    "position_padding_right": 175.0,
                    "position_padding_top": 450.0,
                    "bitmap_bitmap": "kfile://org.kustom.provider/bitmaps/IMG30dc5483d6f9ef0b762a9b915877ffcc",
                    "bitmap_width": 100.0
                  },
                  {
                    "internal_type": "BitmapModule",
                    "position_padding_left": 175.0,
                    "position_padding_right": 0.0,
                    "position_padding_top": 450.0,
                    "bitmap_bitmap": "kfile://org.kustom.provider/bitmaps/IMG286011033ddffd6758e4ee61cdc6f5cc",
                    "bitmap_width": 100.0,
                    "internal_title": "Maps",
                    "internal_events": [
                      {
                        "action": "LAUNCH_APP",
                        "intent": "intent:#Intent;action\u003dandroid.intent.action.MAIN;category\u003dandroid.intent.category.LAUNCHER;component\u003dcom.google.android.apps.maps/com.google.android.maps.MapsActivity;S.org.kustom.intent.label\u003dMaps;end"
                      }
                    ]
                  },
                  {
                    "internal_type": "BitmapModule",
                    "position_padding_left": 525.0,
                    "position_padding_right": 0.0,
                    "position_padding_top": 450.0,
                    "bitmap_bitmap": "kfile://org.kustom.provider/bitmaps/IMG5934a26e975bace90bf7385dfade9f3c",
                    "bitmap_width": 100.0,
                    "internal_title": "Play Store",
                    "internal_events": [
                      {
                        "action": "LAUNCH_APP",
                        "intent": "intent:#Intent;action\u003dandroid.intent.action.MAIN;category\u003dandroid.intent.category.LAUNCHER;component\u003dcom.android.vending/.AssetBrowserActivity;S.org.kustom.intent.label\u003dPlay%20Store;end"
                      }
                    ]
                  },
                  {
                    "internal_type": "BitmapModule",
                    "position_padding_left": 0.0,
                    "position_padding_right": 525.0,
                    "position_padding_top": 100.0,
                    "bitmap_bitmap": "kfile://org.kustom.provider/bitmaps/IMG5e2b990813af634fd4b02df4cb6f5bc3",
                    "bitmap_width": 100.0,
                    "internal_title": "Rewards",
                    "internal_events": [
                      {
                        "action": "LAUNCH_APP",
                        "intent": "intent:#Intent;action\u003dandroid.intent.action.MAIN;category\u003dandroid.intent.category.LAUNCHER;component\u003dcom.google.android.apps.paidtasks/.LaunchActivity;S.org.kustom.intent.label\u003dRewards;end"
                      }
                    ]
                  },
                  {
                    "internal_type": "BitmapModule",
                    "internal_title": "Calculator",
                    "internal_events": [
                      {
                        "action": "LAUNCH_APP",
                        "intent": "intent:#Intent;action\u003dandroid.intent.action.MAIN;category\u003dandroid.intent.category.LAUNCHER;component\u003dcom.sec.android.app.popupcalculator/.Calculator;S.org.kustom.intent.label\u003dCalculator;end"
                      }
                    ],
                    "position_padding_left": 0.0,
                    "position_padding_right": 175.0,
                    "position_padding_top": 100.0,
                    "bitmap_bitmap": "kfile://org.kustom.provider/bitmaps/IMG2d88cf2ec12d7a2e854c80b254505259",
                    "bitmap_width": 100.0
                  },
                  {
                    "internal_type": "BitmapModule",
                    "position_padding_left": 175.0,
                    "position_padding_right": 0.0,
                    "position_padding_top": 100.0,
                    "bitmap_bitmap": "kfile://org.kustom.provider/bitmaps/IMGafc26a88d9366d3ea231853506c46ecc",
                    "bitmap_width": 100.0,
                    "internal_title": "Drive",
                    "internal_events": [
                      {
                        "action": "LAUNCH_APP",
                        "intent": "intent:#Intent;action\u003dandroid.intent.action.MAIN;category\u003dandroid.intent.category.LAUNCHER;component\u003dcom.google.android.apps.docs/.app.NewMainProxyActivity;S.org.kustom.intent.label\u003dDrive;end"
                      }
                    ]
                  },
                  {
                    "internal_type": "BitmapModule",
                    "position_padding_left": 525.0,
                    "position_padding_right": 0.0,
                    "position_padding_top": 100.0,
                    "bitmap_bitmap": "kfile://org.kustom.provider/bitmaps/IMGc522e17b9d13af78ac7c1bc0834ed30a",
                    "bitmap_width": 100.0,
                    "internal_title": "KLWP",
                    "internal_events": [
                      {
                        "action": "KUSTOM_ACTION",
                        "intent": "intent:#Intent;action\u003dandroid.intent.action.MAIN;category\u003dandroid.intent.category.LAUNCHER;component\u003dcom.android.chrome/com.google.android.apps.chrome.Main;S.org.kustom.intent.label\u003dChrome;end",
                        "kustom_action": "ADVANCED_EDITOR"
                      }
                    ]
                  }
                ]
              }
            ]
          }
        ]
      },
      {
        "internal_type": "StackLayerModule",
        "internal_title": "Screen 4",
        "internal_animations": [
          {
            "type": "SCROLL",
            "action": "FADE",
            "center": "SCREEN4"
          }
        ],
        "config_stacking": "VERTICAL_CENTER",
        "viewgroup_items": [
          {
            "internal_type": "BitmapModule",
            "bitmap_bitmap": "kfile://org.kustom.provider/bitmaps/IMG53d60da8fac899bd30cf940116368c51",
            "bitmap_width": 720.0
          },
          {
            "internal_type": "OverlapLayerModule",
            "viewgroup_items": [
              {
                "internal_type": "ShapeModule",
                "internal_animations": [
                  {
                    "type": "SCROLL",
                    "action": "FADE",
                    "limit": 0.0,
                    "speed": 100,
                    "rule": "CENTER",
                    "angle": 90.0,
                    "center": "SCREEN4"
                  }
                ],
                "shape_type": "RECT",
                "shape_width": 720.0,
                "shape_height": 720.0,
                "paint_color": "#FF792B29",
                "internal_title": "Screen 4"
              }
            ]
          }
        ]
      },
      {
        "internal_type": "ShapeModule",
        "position_offset_y": 580.0,
        "shape_type": "RECT",
        "shape_width": 720.0,
        "shape_height": 4.0,
        "internal_title": "Separator"
      }
    ]
  }
}