{
  "preset_info": {
    "title": "grayscale",
    "description": "",
    "author": "ensorcell",
    "email": "",
    "archive": "kfile://org.kustom.sdcard.000/wallpapers/blackwhite.klwp.zip/",
    "version": 9,
    "width": 540,
    "height": 960
  },
  "preset_root": {
    "internal_type": "RootLayerModule",
    "background_type": "IMAGE",
    "background_bitmap": "kfile://org.kustom.provider/bitmaps/IMG8ee28aab6c0bc868ed73bc1453303d28",
    "background_scroll": "NONE",
    "globals_list": {
      "toggle": {
        "index": 2,
        "type": "SWITCH",
        "title": "toggle",
        "value": 0
      },
      "weather": {
        "index": 3,
        "type": "SWITCH",
        "title": "weather",
        "value": 0
      },
      "font": {
        "index": 1,
        "type": "FONT",
        "title": "font",
        "value": "kfile://org.kustom.provider/fonts/FtraLt.ttf"
      }
    },
    "viewgroup_items": [
      {
        "internal_type": "OverlapLayerModule",
        "internal_title": "Gray Backgrounds",
        "viewgroup_items": [
          {
            "internal_type": "ShapeModule",
            "position_anchor": "TOP",
            "shape_type": "RECT",
            "shape_width": 720.0,
            "shape_height": 354.0,
            "paint_color": "#FF666666"
          },
          {
            "internal_type": "ShapeModule",
            "position_anchor": "TOP",
            "shape_type": "RECT",
            "shape_width": 720.0,
            "shape_height": 230.0,
            "paint_color": "#FF666666",
            "position_padding_top": 1070.0
          }
        ]
      },
      {
        "internal_type": "OverlapLayerModule",
        "internal_title": "White Separators",
        "position_offset_y": 0.0,
        "viewgroup_items": [
          {
            "internal_type": "ShapeModule",
            "position_padding_top": 350.0,
            "position_anchor": "TOP",
            "shape_type": "RECT",
            "shape_width": 720.0,
            "shape_height": 4.0
          },
          {
            "internal_type": "ShapeModule",
            "position_padding_top": 1066.0,
            "shape_type": "RECT",
            "shape_width": 720.0,
            "shape_height": 4.0,
            "position_anchor": "TOP"
          }
        ]
      },
      {
        "internal_type": "OverlapLayerModule",
        "internal_title": "Time and Date",
        "internal_animations": [
          {
            "type": "SWITCH",
            "trigger": "toggle",
            "action": "FADE",
            "duration": 3.0
          }
        ],
        "viewgroup_items": [
          {
            "internal_type": "KomponentModule",
            "globals_list": {
              "main": {
                "index": 1,
                "type": "FONT",
                "title": "main",
                "value": "kfile://org.kustom.provider/fonts/FtraLt.ttf",
                "global": "font",
                "toggles": 100
              },
              "one": {
                "index": 3,
                "type": "COLOR",
                "title": "one",
                "value": "#FFFFFFFF",
                "global": "color3"
              },
              "two": {
                "index": 4,
                "type": "COLOR",
                "title": "two",
                "value": "#FF999999",
                "global": "color4"
              },
              "space": {
                "index": 5,
                "type": "NUMBER",
                "title": "space",
                "min": 0,
                "max": 720,
                "value": 70.0
              }
            },
            "position_offset_x": 0.0,
            "position_offset_y": 0.0,
            "internal_title": "1 Letter Days",
            "internal_locked": "true",
            "position_padding_left": 0.0,
            "config_scale_value": 100.0,
            "position_padding_top": 20.0,
            "position_anchor": "TOP",
            "viewgroup_items": [
              {
                "internal_type": "StackLayerModule",
                "position_offset_x": 40.0,
                "position_offset_y": 140.0,
                "config_stacking": "HORIZONTAL_CENTER",
                "viewgroup_items": [
                  {
                    "internal_type": "TextModule",
                    "internal_toggles": {
                      "text_family": 100,
                      "paint_color": 100
                    },
                    "internal_globals": {
                      "text_family": "main",
                      "paint_color": "one"
                    },
                    "text_expression": "$df(dd)$",
                    "text_size": 25.0
                  },
                  {
                    "internal_type": "TextModule",
                    "text_expression": "$if(df(f)\u003d7, tc(cut, df(EEE), 1),\nif(df(f)\u003d1, tc(cut, df(EEE, a6d), 1),\nif(df(f)\u003d2, tc(cut, df(EEE, a5d), 1),\nif(df(f)\u003d3, tc(cut, df(EEE, a4d), 1),\nif(df(f)\u003d4, tc(cut, df(EEE, a3d), 1),\nif(df(f)\u003d5, tc(cut, df(EEE, a2d), 1),\nif(df(f)\u003d6, tc(cut, df(EEE, a1d), 1)\n)))))))$",
                    "text_size": 25.0,
                    "internal_toggles": {
                      "paint_color": 10,
                      "text_family": 100,
                      "position_padding_left": 100
                    },
                    "internal_globals": {
                      "paint_color": "two",
                      "text_family": "main",
                      "position_padding_left": "space"
                    },
                    "internal_formulas": {
                      "paint_color": "$if(df(f)\u003d7, gv(one), gv(two))$"
                    }
                  },
                  {
                    "internal_type": "TextModule",
                    "internal_toggles": {
                      "paint_color": 10,
                      "text_family": 100,
                      "position_padding_left": 100
                    },
                    "internal_globals": {
                      "paint_color": "two",
                      "text_family": "main",
                      "position_padding_left": "space"
                    },
                    "text_expression": "$if(df(f)\u003d1, tc(cut, df(EEE), 1),\nif(df(f)\u003d2, tc(cut, df(EEE, r1d), 1),\nif(df(f)\u003d3, tc(cut, df(EEE, r2d), 1),\nif(df(f)\u003d4, tc(cut, df(EEE, r3d), 1),\nif(df(f)\u003d5, tc(cut, df(EEE, r4d), 1),\nif(df(f)\u003d6, tc(cut, df(EEE, r5d), 1),\nif(df(f)\u003d7, tc(cut, df(EEE, r6d), 1)\n)))))))$",
                    "text_size": 25.0,
                    "internal_formulas": {
                      "paint_color": "$if(df(f)\u003d1, gv(one), gv(two))$"
                    }
                  },
                  {
                    "internal_type": "TextModule",
                    "text_expression": "$if(df(f)\u003d2, tc(cut, df(EEE), 1),\nif(df(f)\u003d3, tc(cut, df(EEE, r1d), 1),\nif(df(f)\u003d4, tc(cut, df(EEE, r2d), 1),\nif(df(f)\u003d5, tc(cut, df(EEE, r3d), 1),\nif(df(f)\u003d6, tc(cut, df(EEE, r4d), 1),\nif(df(f)\u003d7, tc(cut, df(EEE, r5d), 1),\nif(df(f)\u003d1, tc(cut, df(EEE, a1d), 1)\n)))))))$",
                    "text_size": 25.0,
                    "internal_toggles": {
                      "paint_color": 10,
                      "text_family": 100,
                      "position_padding_left": 100
                    },
                    "internal_globals": {
                      "paint_color": "two",
                      "text_family": "main",
                      "position_padding_left": "space"
                    },
                    "internal_formulas": {
                      "paint_color": "$if(df(f)\u003d2, gv(one), gv(two))$"
                    }
                  },
                  {
                    "internal_type": "TextModule",
                    "text_expression": "$if(df(f)\u003d3, tc(cut, df(EEE), 1),\nif(df(f)\u003d4, tc(cut, df(EEE, r1d), 1),\nif(df(f)\u003d5, tc(cut, df(EEE, r2d), 1),\nif(df(f)\u003d6, tc(cut, df(EEE, r3d), 1),\nif(df(f)\u003d7, tc(cut, df(EEE, r4d), 1),\nif(df(f)\u003d1, tc(cut, df(EEE, a2d), 1),\nif(df(f)\u003d2, tc(cut, df(EEE, a1d), 1)\n)))))))$",
                    "text_size": 25.0,
                    "internal_toggles": {
                      "paint_color": 10,
                      "text_family": 100,
                      "position_padding_left": 100
                    },
                    "internal_globals": {
                      "paint_color": "two",
                      "text_family": "main",
                      "position_padding_left": "space"
                    },
                    "internal_formulas": {
                      "paint_color": "$if(df(f)\u003d3, gv(one), gv(two))$"
                    }
                  },
                  {
                    "internal_type": "TextModule",
                    "text_expression": "$if(df(f)\u003d4, tc(cut, df(EEE), 1),\nif(df(f)\u003d5, tc(cut, df(EEE, r1d), 1),\nif(df(f)\u003d6, tc(cut, df(EEE, r2d), 1),\nif(df(f)\u003d7, tc(cut, df(EEE, r3d), 1),\nif(df(f)\u003d1, tc(cut, df(EEE, a3d), 1),\nif(df(f)\u003d2, tc(cut, df(EEE, a2d), 1),\nif(df(f)\u003d3, tc(cut, df(EEE, a1d), 1)\n)))))))$",
                    "text_size": 25.0,
                    "internal_toggles": {
                      "paint_color": 10,
                      "text_family": 100,
                      "position_padding_left": 100
                    },
                    "internal_globals": {
                      "paint_color": "two",
                      "text_family": "main",
                      "position_padding_left": "space"
                    },
                    "internal_formulas": {
                      "paint_color": "$if(df(f)\u003d4, gv(one), gv(two))$"
                    }
                  },
                  {
                    "internal_type": "TextModule",
                    "text_expression": "$if(df(f)\u003d5, tc(cut, df(EEE), 1),\nif(df(f)\u003d6, tc(cut, df(EEE, r1d), 1),\nif(df(f)\u003d7, tc(cut, df(EEE, r2d), 1),\nif(df(f)\u003d1, tc(cut, df(EEE, a4d), 1),\nif(df(f)\u003d2, tc(cut, df(EEE, a3d), 1),\nif(df(f)\u003d3, tc(cut, df(EEE, a2d), 1),\nif(df(f)\u003d4, tc(cut, df(EEE, a1d), 1)\n)))))))$",
                    "text_size": 25.0,
                    "internal_toggles": {
                      "paint_color": 10,
                      "text_family": 100,
                      "position_padding_left": 100
                    },
                    "internal_globals": {
                      "paint_color": "two",
                      "text_family": "main",
                      "position_padding_left": "space"
                    },
                    "internal_formulas": {
                      "paint_color": "$if(df(f)\u003d5, gv(one), gv(two))$"
                    }
                  },
                  {
                    "internal_type": "TextModule",
                    "text_expression": "$if(df(f)\u003d6, tc(cut, df(EEE), 1),\nif(df(f)\u003d7, tc(cut, df(EEE, r1d), 1),\nif(df(f)\u003d1, tc(cut, df(EEE, a5d), 1),\nif(df(f)\u003d2, tc(cut, df(EEE, a4d), 1),\nif(df(f)\u003d3, tc(cut, df(EEE, a3d), 1),\nif(df(f)\u003d4, tc(cut, df(EEE, a2d), 1),\nif(df(f)\u003d5, tc(cut, df(EEE, a1d), 1)\n)))))))$",
                    "text_size": 25.0,
                    "internal_toggles": {
                      "paint_color": 10,
                      "text_family": 100,
                      "position_padding_left": 100
                    },
                    "internal_globals": {
                      "paint_color": "two",
                      "text_family": "main",
                      "position_padding_left": "space"
                    },
                    "internal_formulas": {
                      "paint_color": "$if(df(f)\u003d6, gv(one), gv(two))$"
                    }
                  }
                ]
              }
            ]
          },
          {
            "internal_type": "TextModule",
            "position_padding_left": 0.0,
            "position_padding_top": 90.0,
            "position_anchor": "TOP",
            "text_expression": "$df(hhmm)$",
            "text_size": 160.0,
            "text_family": "kfile://org.kustom.provider/fonts/FtraLt.ttf",
            "internal_toggles": {
              "text_family": 100
            },
            "internal_globals": {
              "text_family": "font"
            }
          },
          {
            "internal_type": "ShapeModule",
            "position_padding_top": 285.0,
            "position_anchor": "TOP",
            "shape_type": "RECT",
            "shape_width": 380.0,
            "shape_height": 4.0,
            "paint_color": "#FF999999",
            "shape_corners": 100.0
          },
          {
            "internal_type": "ShapeModule",
            "position_padding_top": 285.0,
            "position_anchor": "TOPLEFT",
            "shape_type": "RECT",
            "shape_width": 420.0,
            "shape_height": 4.0,
            "internal_toggles": {
              "shape_width": 10
            },
            "internal_formulas": {
              "shape_width": "$(bi(level)*3.8)$"
            },
            "position_padding_left": 170.0,
            "shape_corners": 100.0
          },
          {
            "internal_type": "ShapeModule",
            "position_anchor": "TOP",
            "shape_type": "RECT",
            "shape_width": 720.0,
            "paint_color": "#00000000",
            "internal_events": [
              {
                "action": "SWITCH_GLOBAL",
                "switch": "toggle"
              }
            ],
            "shape_height": 350.0
          }
        ]
      },
      {
        "internal_type": "OverlapLayerModule",
        "internal_animations": [
          {
            "type": "SWITCH",
            "trigger": "toggle",
            "action": "FADE_INVERTED",
            "duration": 3.0
          }
        ],
        "internal_title": "Music",
        "position_offset_y": 0.0,
        "viewgroup_items": [
          {
            "internal_type": "OverlapLayerModule",
            "position_anchor": "TOP",
            "viewgroup_items": [
              {
                "internal_type": "ShapeModule",
                "internal_events": [
                  {
                    "action": "SWITCH_GLOBAL",
                    "switch": "toggle"
                  }
                ],
                "position_padding_right": 650.0,
                "position_anchor": "TOP",
                "shape_type": "RECT",
                "shape_width": 120.0,
                "shape_height": 350.0,
                "paint_color": "#00FFFFFF",
                "internal_title": "Left"
              },
              {
                "internal_type": "ShapeModule",
                "internal_events": [
                  {
                    "action": "SWITCH_GLOBAL",
                    "switch": "toggle"
                  }
                ],
                "position_padding_right": 0.0,
                "position_anchor": "TOP",
                "shape_type": "RECT",
                "shape_width": 120.0,
                "shape_height": 350.0,
                "paint_color": "#00FFFFFF",
                "position_padding_left": 650.0,
                "internal_title": "Right"
              },
              {
                "internal_type": "ShapeModule",
                "internal_events": [
                  {
                    "action": "SWITCH_GLOBAL",
                    "switch": "toggle"
                  }
                ],
                "position_padding_right": 0.0,
                "position_padding_top": 0.0,
                "position_anchor": "TOP",
                "shape_type": "RECT",
                "shape_width": 560.0,
                "shape_height": 55.0,
                "paint_color": "#00FFFFFF",
                "internal_title": "Top"
              },
              {
                "internal_type": "ShapeModule",
                "internal_events": [
                  {
                    "action": "SWITCH_GLOBAL",
                    "switch": "toggle"
                  }
                ],
                "position_padding_right": 0.0,
                "position_padding_top": 315.0,
                "position_anchor": "TOP",
                "shape_type": "RECT",
                "shape_width": 560.0,
                "shape_height": 36.0,
                "paint_color": "#00FFFFFF",
                "internal_title": "Bottom"
              },
              {
                "internal_type": "ShapeModule",
                "internal_events": [
                  {
                    "action": "MUSIC",
                    "music_action": "OPEN_APP"
                  }
                ],
                "position_padding_top": 55.0,
                "position_anchor": "TOP",
                "shape_type": "RECT",
                "shape_width": 520.0,
                "shape_height": 190.0,
                "paint_color": "#00FFFFFF"
              }
            ]
          },
          {
            "internal_type": "TextModule",
            "position_padding_top": 50.0,
            "position_anchor": "TOP",
            "text_expression": "$mi(title)$",
            "text_size": 35.0,
            "text_family": "kfile://org.kustom.provider/fonts/FtraLt.ttf",
            "internal_toggles": {
              "text_size": 10,
              "text_family": 100
            },
            "internal_formulas": {
              "text_size": "$if(mi(state)\u003dnone,0,35)$"
            }
          },
          {
            "internal_type": "TextModule",
            "position_padding_top": 100.0,
            "position_anchor": "TOP",
            "text_expression": "$mi(album)$",
            "text_size": 35.0,
            "text_family": "kfile://org.kustom.provider/fonts/FtraLt.ttf",
            "internal_toggles": {
              "text_size": 10,
              "text_family": 100
            },
            "internal_formulas": {
              "text_size": "$if(mi(state)\u003dnone,0,35)$"
            }
          },
          {
            "internal_type": "TextModule",
            "position_padding_top": 150.0,
            "position_anchor": "TOP",
            "text_expression": "$mi(artist)$",
            "text_size": 35.0,
            "text_family": "kfile://org.kustom.provider/fonts/FtraLt.ttf",
            "internal_toggles": {
              "text_size": 10,
              "text_family": 100
            },
            "internal_formulas": {
              "text_size": "$if(mi(state)\u003dnone,0,35)$"
            }
          },
          {
            "internal_type": "ShapeModule",
            "internal_title": "Total Time",
            "internal_toggles": {
              "shape_width": 10
            },
            "internal_formulas": {
              "shape_width": "$if(mi(state)\u003dnone,0,280)$"
            },
            "position_padding_top": 220.0,
            "position_anchor": "TOP",
            "shape_type": "RECT",
            "shape_width": 280.0,
            "shape_height": 4.0,
            "shape_corners": 100.0,
            "paint_color": "#FF999999"
          },
          {
            "internal_type": "ShapeModule",
            "internal_title": "Elapsed Time",
            "internal_toggles": {
              "shape_width": 10
            },
            "internal_formulas": {
              "shape_width": "$if(mi(state)\u003dnone,0,(280*mi(pos)/mi(len)))$"
            },
            "position_padding_left": 245.0,
            "position_padding_top": 220.0,
            "position_anchor": "TOPLEFT",
            "shape_type": "RECT",
            "shape_width": 100.0,
            "shape_height": 4.0,
            "shape_corners": 100.0
          },
          {
            "internal_type": "FontIconModule",
            "internal_events": [
              {
                "action": "MUSIC",
                "music_action": "PREVIOUS"
              }
            ],
            "position_padding_left": 0.0,
            "position_padding_right": 200.0,
            "position_padding_top": 240.0,
            "position_anchor": "TOP",
            "icon_icon": "skip_previous",
            "internal_toggles": {
              "icon_size": 10
            },
            "internal_formulas": {
              "icon_size": "$if(mi(state)\u003dnone,0,80)$"
            }
          },
          {
            "internal_type": "FontIconModule",
            "internal_toggles": {
              "icon_icon": 10,
              "icon_size": 10
            },
            "internal_formulas": {
              "icon_icon": "$(if(mi(state)!\u003dPLAYING,play_arrow,pause))$",
              "icon_size": "$if(mi(state)\u003dnone,0,80)$"
            },
            "internal_events": [
              {
                "action": "MUSIC"
              }
            ],
            "position_padding_top": 240.0,
            "position_anchor": "TOP"
          },
          {
            "internal_type": "FontIconModule",
            "internal_events": [
              {
                "action": "MUSIC",
                "music_action": "NEXT"
              }
            ],
            "position_padding_left": 200.0,
            "position_padding_right": 0.0,
            "position_padding_top": 240.0,
            "position_anchor": "TOP",
            "icon_icon": "skip_next",
            "internal_toggles": {
              "icon_size": 10
            },
            "internal_formulas": {
              "icon_size": "$if(mi(state)\u003dnone,0,80)$"
            }
          }
        ]
      },
      {
        "internal_type": "OverlapLayerModule",
        "internal_title": "Weather",
        "internal_animations": [
          {
            "type": "SWITCH",
            "trigger": "weather",
            "action": "FADE_INVERTED",
            "duration": 3.0
          }
        ],
        "position_offset_y": 354.0,
        "viewgroup_items": [
          {
            "internal_type": "TextModule",
            "position_padding_top": 250.0,
            "position_anchor": "TOP",
            "text_expression": "$wi(temp)$°$wi(tempu)$ feels like $wi(flik)$°$wi(tempu)$",
            "text_size": 40.0,
            "text_family": "kfile://org.kustom.provider/fonts/FtraLt.ttf",
            "internal_toggles": {
              "text_family": 100
            }
          },
          {
            "internal_type": "TextModule",
            "position_padding_top": 300.0,
            "position_anchor": "TOP",
            "text_expression": "$wi(cond)$",
            "text_size": 40.0,
            "text_family": "kfile://org.kustom.provider/fonts/FtraLt.ttf",
            "internal_toggles": {
              "text_family": 100
            }
          },
          {
            "internal_type": "TextModule",
            "internal_events": [
              {
                "action": "NONE"
              }
            ],
            "position_padding_top": 350.0,
            "position_anchor": "TOP",
            "text_expression": "$tc(low,li(loc))$ $li(postal)$",
            "text_size": 40.0,
            "text_family": "kfile://org.kustom.provider/fonts/FtraLt.ttf",
            "internal_toggles": {
              "text_family": 100
            }
          },
          {
            "internal_type": "TextModule",
            "position_padding_top": 400.0,
            "position_anchor": "TOP",
            "text_expression": "last updated $tf(wi(updated))$",
            "text_size": 40.0,
            "text_family": "kfile://org.kustom.provider/fonts/FtraLt.ttf",
            "internal_toggles": {
              "text_family": 100
            }
          },
          {
            "internal_type": "ShapeModule",
            "internal_events": [
              {
                "action": "KUSTOM_ACTION",
                "kustom_action": "WEATHER_UPDATE"
              }
            ],
            "position_padding_top": 250.0,
            "position_anchor": "TOP",
            "shape_type": "RECT",
            "shape_width": 360.0,
            "shape_height": 200.0,
            "paint_color": "#00FFFFFF"
          },
          {
            "internal_type": "ShapeModule",
            "internal_events": [
              {
                "action": "SWITCH_GLOBAL",
                "switch": "weather"
              }
            ],
            "position_padding_right": 650.0,
            "position_anchor": "TOP",
            "shape_type": "RECT",
            "shape_width": 300.0,
            "shape_height": 712.0,
            "paint_color": "#00FFFFFF"
          },
          {
            "internal_type": "ShapeModule",
            "internal_events": [
              {
                "action": "SWITCH_GLOBAL",
                "switch": "weather"
              }
            ],
            "position_padding_right": 0.0,
            "position_anchor": "TOP",
            "shape_type": "RECT",
            "shape_width": 300.0,
            "shape_height": 712.0,
            "paint_color": "#00FFFFFF",
            "position_padding_left": 650.0
          },
          {
            "internal_type": "ShapeModule",
            "internal_events": [
              {
                "action": "SWITCH_GLOBAL",
                "switch": "weather"
              }
            ],
            "position_anchor": "TOP",
            "shape_type": "RECT",
            "shape_width": 360.0,
            "shape_height": 250.0,
            "paint_color": "#00FFFFFF"
          },
          {
            "internal_type": "ShapeModule",
            "internal_events": [
              {
                "action": "SWITCH_GLOBAL",
                "switch": "weather"
              }
            ],
            "position_anchor": "BOTTOM",
            "shape_type": "RECT",
            "shape_width": 360.0,
            "shape_height": 260.0,
            "paint_color": "#00FFFFFF"
          }
        ]
      },
      {
        "internal_type": "ShapeModule",
        "position_padding_top": 0.0,
        "shape_type": "RECT",
        "shape_width": 720.0,
        "shape_height": 712.0,
        "paint_color": "#FF8C8C8C",
        "internal_title": "Blur",
        "internal_animations": [
          {
            "type": "SWITCH",
            "trigger": "weather",
            "action": "FADE_INVERTED",
            "duration": 3.0
          }
        ],
        "position_offset_y": 354.0,
        "fx_bitmap_blur": 20.0,
        "fx_mask": "BLURRED",
        "fx_bitmap_dim": 30.0
      },
      {
        "internal_type": "ShapeModule",
        "position_padding_top": 0.0,
        "shape_type": "RECT",
        "shape_width": 720.0,
        "shape_height": 712.0,
        "paint_color": "#008C8C8C",
        "internal_title": "Center",
        "position_offset_y": 354.0,
        "fx_bitmap_blur": 20.0,
        "internal_events": [
          {
            "action": "SWITCH_GLOBAL",
            "switch": "weather"
          }
        ],
        "internal_animations": [
          {
            "type": "SWITCH",
            "trigger": "weather",
            "action": "FADE"
          }
        ]
      }
    ]
  }
}