{
  "preset_info": {
    "title": "amoblack",
    "description": "",
    "author": "ensorcell",
    "email": "",
    "archive": "kfile://org.kustom.sdcard.000/wallpapers/amoblack.klwp.zip/",
    "version": 9,
    "width": 540,
    "height": 960
  },
  "preset_root": {
    "internal_type": "RootLayerModule",
    "background_bitmap": "kfile://org.kustom.provider/bitmaps/IMGe28042f57d9bfc4424ca33ca711146b4",
    "globals_list": {
      "font": {
        "index": 4,
        "type": "FONT",
        "title": "font",
        "value": "kfile://org.kustom.provider/fonts/FtraLt.ttf"
      },
      "color": {
        "index": 5,
        "type": "COLOR",
        "title": "color",
        "value": "#FFAAAAAA"
      },
      "toggle": {
        "index": 6,
        "type": "SWITCH",
        "title": "toggle",
        "value": 1
      },
      "thick": {
        "index": 7,
        "type": "NUMBER",
        "title": "thick",
        "min": 0,
        "max": 20,
        "value": 5.0
      }
    },
    "background_scroll": "NONE",
    "background_color": "#FF000000",
    "viewgroup_items": [
      {
        "internal_type": "OverlapLayerModule",
        "internal_title": "Background",
        "position_offset_y": 0.0,
        "viewgroup_items": [
          {
            "internal_type": "ShapeModule",
            "internal_title": "Background",
            "shape_type": "RECT",
            "shape_width": 720.0,
            "shape_height": 1280.0,
            "paint_color": "#FF000000"
          },
          {
            "internal_type": "BitmapModule",
            "position_offset_y": 40.0,
            "bitmap_bitmap": "kfile://org.kustom.provider/bitmaps/IMGc5e4e508dac30cb5ab13e4bcb1c6bde6",
            "bitmap_width": 640.0,
            "internal_events": [
              {
                "action": "SWITCH_GLOBAL",
                "switch": "toggle"
              }
            ],
            "position_padding_top": 40.0,
            "position_anchor": "TOP"
          },
          {
            "internal_type": "ShapeModule",
            "position_offset_y": 40.0,
            "shape_type": "RECT",
            "shape_width": 640.0,
            "shape_height": 340.0,
            "paint_style": "STROKE",
            "paint_stroke": 5.0,
            "fx_gradient_offset": 34,
            "internal_toggles": {
              "paint_color": 100,
              "paint_stroke": 100
            },
            "internal_globals": {
              "paint_color": "color",
              "paint_stroke": "thick"
            },
            "position_padding_top": 40.0,
            "position_anchor": "TOP"
          },
          {
            "internal_type": "BitmapModule",
            "position_offset_y": 520.0,
            "bitmap_bitmap": "kfile://org.kustom.provider/bitmaps/IMG223b478a0d4ea9a4feda27f8276d84e0",
            "bitmap_width": 640.0,
            "position_padding_bottom": 42.0,
            "position_anchor": "BOTTOM"
          },
          {
            "internal_type": "ShapeModule",
            "position_offset_y": 520.0,
            "shape_type": "RECT",
            "shape_width": 640.0,
            "shape_height": 720.0,
            "paint_style": "STROKE",
            "paint_stroke": 5.0,
            "fx_gradient_offset": 34,
            "internal_toggles": {
              "paint_color": 100,
              "paint_stroke": 100
            },
            "internal_globals": {
              "paint_color": "color",
              "paint_stroke": "thick"
            },
            "position_padding_bottom": 40.0,
            "position_anchor": "BOTTOM"
          },
          {
            "internal_type": "OverlapLayerModule",
            "internal_title": "Apps",
            "position_padding_top": 0.0,
            "position_padding_bottom": 150.0,
            "position_anchor": "BOTTOM",
            "viewgroup_items": [
              {
                "internal_type": "ShapeModule",
                "position_padding_right": 0.0,
                "position_padding_top": 520.0,
                "position_anchor": "BOTTOM",
                "shape_type": "RECT",
                "shape_width": 520.0,
                "shape_height": 500.0,
                "paint_color": "#FF000000"
              },
              {
                "internal_type": "ShapeModule",
                "position_padding_right": 0.0,
                "position_padding_top": 520.0,
                "position_anchor": "BOTTOM",
                "shape_type": "RECT",
                "shape_width": 520.0,
                "shape_height": 500.0,
                "paint_style": "STROKE",
                "paint_stroke": 5.0,
                "internal_toggles": {
                  "paint_color": 100,
                  "paint_stroke": 100
                },
                "internal_globals": {
                  "paint_color": "color",
                  "paint_stroke": "thick"
                },
                "shape_corners": 0.0
              }
            ]
          },
          {
            "internal_type": "ShapeModule",
            "position_padding_top": 155.0,
            "shape_type": "RECT",
            "shape_width": 160.0,
            "shape_height": 75.0,
            "paint_style": "STROKE",
            "paint_stroke": 3.0,
            "internal_toggles": {
              "paint_color": 100,
              "paint_stroke": 100
            },
            "internal_globals": {
              "paint_color": "color",
              "paint_stroke": "thick"
            },
            "position_padding_left": 0.0,
            "position_anchor": "TOP"
          }
        ]
      },
      {
        "internal_type": "OverlapLayerModule",
        "internal_animations": [
          {
            "type": "SWITCH",
            "trigger": "toggle",
            "action": "SCALE",
            "amount": 70.0,
            "duration": 3.0
          }
        ],
        "position_offset_y": 40.0,
        "internal_title": "Zoom",
        "viewgroup_items": [
          {
            "internal_type": "ShapeModule",
            "position_padding_top": 50.0,
            "shape_type": "RECT",
            "shape_width": 520.0,
            "shape_height": 240.0,
            "paint_color": "#FF000000"
          },
          {
            "internal_type": "ShapeModule",
            "position_padding_top": 50.0,
            "shape_type": "RECT",
            "shape_width": 520.0,
            "shape_height": 240.0,
            "paint_style": "STROKE",
            "paint_stroke": 3.0,
            "internal_toggles": {
              "paint_color": 100,
              "paint_stroke": 100
            },
            "internal_globals": {
              "paint_color": "color",
              "paint_stroke": "thick"
            }
          }
        ]
      },
      {
        "internal_type": "OverlapLayerModule",
        "internal_title": "Time",
        "position_offset_y": 45.0,
        "internal_animations": [
          {
            "type": "SWITCH",
            "trigger": "toggle",
            "action": "FADE_INVERTED",
            "duration": 3.0,
            "amount": 100
          }
        ],
        "viewgroup_items": [
          {
            "internal_type": "TextModule",
            "internal_toggles": {
              "paint_color": 100,
              "text_family": 100
            },
            "internal_globals": {
              "paint_color": "color",
              "text_family": "font"
            },
            "text_expression": "$df(h:mm)$",
            "text_size": 40.0,
            "text_family": "kfile://org.kustom.provider/fonts/FtraLt.ttf",
            "position_padding_top": 125.0,
            "position_anchor": "TOP"
          }
        ]
      },
      {
        "internal_type": "OverlapLayerModule",
        "internal_title": "Information",
        "position_offset_y": 415.0,
        "internal_events": [
          {
            "action": "KUSTOM_ACTION",
            "kustom_action": "WEATHER_UPDATE"
          }
        ],
        "viewgroup_items": [
          {
            "internal_type": "ShapeModule",
            "internal_toggles": {
              "paint_color": 100,
              "shape_height": 100,
              "paint_stroke": 100
            },
            "internal_globals": {
              "paint_color": "color",
              "shape_height": "thick",
              "paint_stroke": "thick"
            },
            "position_padding_top": 55.0,
            "position_anchor": "TOP",
            "shape_type": "RECT",
            "shape_width": 640.0,
            "shape_height": 1.0,
            "paint_color": "#00FFFFFF"
          },
          {
            "internal_type": "TextModule",
            "internal_toggles": {
              "text_family": 100,
              "paint_color": 100
            },
            "internal_globals": {
              "text_family": "font",
              "paint_color": "color"
            },
            "position_anchor": "CENTERRIGHT",
            "text_expression": "$bi(level)$%",
            "text_size": 40.0,
            "text_family": "kfile://org.kustom.provider/fonts/FtraLt.ttf",
            "position_padding_left": 0.0,
            "position_padding_right": 15.0,
            "position_padding_top": 0.0
          },
          {
            "internal_type": "TextModule",
            "internal_toggles": {
              "text_family": 100,
              "paint_color": 100
            },
            "internal_globals": {
              "text_family": "font",
              "paint_color": "color"
            },
            "position_anchor": "CENTERLEFT",
            "text_expression": "$wi(flik)$°$wi(tempu)$",
            "text_size": 40.0,
            "text_family": "kfile://org.kustom.provider/fonts/FtraLt.ttf",
            "position_padding_left": 15.0
          },
          {
            "internal_type": "TextModule",
            "internal_toggles": {
              "text_family": 100,
              "paint_color": 100
            },
            "internal_globals": {
              "text_family": "font",
              "paint_color": "color"
            },
            "text_expression": "$wi(cond)$",
            "text_size": 40.0,
            "text_family": "kfile://org.kustom.provider/fonts/FtraLt.ttf"
          }
        ]
      },
      {
        "internal_type": "OverlapLayerModule",
        "position_offset_y": 35.0,
        "internal_animations": [
          {
            "type": "SWITCH",
            "trigger": "toggle",
            "action": "SCALE",
            "duration": 3.0,
            "internal_toggles": {
              "type": 0
            }
          }
        ],
        "internal_title": "Music",
        "viewgroup_items": [
          {
            "internal_type": "ShapeModule",
            "position_padding_top": 50.0,
            "shape_type": "RECT",
            "shape_width": 520.0,
            "shape_height": 240.0,
            "paint_color": "#00000000",
            "internal_events": [
              {
                "action": "MUSIC",
                "music_action": "OPEN_APP"
              }
            ]
          },
          {
            "internal_type": "TextModule",
            "internal_toggles": {
              "text_family": 100,
              "paint_color": 100
            },
            "internal_globals": {
              "text_family": "font",
              "paint_color": "color"
            },
            "position_padding_top": 75.0,
            "position_padding_bottom": 100.0,
            "text_expression": "$mi(title)$",
            "text_size": 40.0,
            "position_anchor": "TOP",
            "text_filter": [
              "LO"
            ],
            "text_size_type": "FIXED_WIDTH",
            "text_width": 500.0,
            "text_lines": 1.0,
            "text_align": "CENTER"
          },
          {
            "internal_type": "TextModule",
            "internal_toggles": {
              "text_family": 100,
              "paint_color": 100
            },
            "internal_globals": {
              "text_family": "font",
              "paint_color": "color"
            },
            "position_padding_top": 125.0,
            "position_padding_bottom": 25.0,
            "text_expression": "$mi(album)$",
            "text_size": 40.0,
            "position_anchor": "TOP",
            "text_filter": [
              "LO"
            ],
            "text_size_type": "FIXED_WIDTH",
            "text_width": 500.0,
            "text_lines": 1.0,
            "text_align": "CENTER"
          },
          {
            "internal_type": "TextModule",
            "internal_toggles": {
              "text_family": 100,
              "paint_color": 100
            },
            "internal_globals": {
              "text_family": "font",
              "paint_color": "color"
            },
            "position_padding_top": 175.0,
            "position_padding_bottom": 0.0,
            "text_expression": "$mi(artist)$",
            "text_size": 40.0,
            "position_anchor": "TOP",
            "text_filter": [
              "LO"
            ],
            "text_size_type": "FIXED_WIDTH",
            "text_width": 500.0,
            "text_lines": 1.0,
            "text_align": "CENTER"
          },
          {
            "internal_type": "OverlapLayerModule",
            "position_padding_top": 225.0,
            "position_anchor": "TOP",
            "viewgroup_items": [
              {
                "internal_type": "FontIconModule",
                "internal_events": [
                  {
                    "action": "MUSIC",
                    "music_action": "PREVIOUS"
                  }
                ],
                "position_padding_left": 0.0,
                "position_padding_right": 200.0,
                "position_padding_top": 0.0,
                "position_anchor": "TOP",
                "icon_icon": "skip_previous",
                "internal_toggles": {
                  "icon_size": 0,
                  "paint_color": 100
                },
                "internal_formulas": {
                  "icon_size": "$if(mi(state)\u003dnone,0,60)$"
                },
                "icon_size": 60.0,
                "internal_globals": {
                  "paint_color": "color"
                }
              },
              {
                "internal_type": "FontIconModule",
                "internal_toggles": {
                  "icon_icon": 10,
                  "icon_size": 0,
                  "paint_color": 100
                },
                "internal_formulas": {
                  "icon_icon": "$(if(mi(state)!\u003dPLAYING,play_arrow,pause))$",
                  "icon_size": "$if(mi(state)\u003dnone,0,60)$"
                },
                "internal_events": [
                  {
                    "action": "MUSIC"
                  }
                ],
                "position_padding_top": 0.0,
                "position_anchor": "TOP",
                "icon_size": 60.0,
                "internal_globals": {
                  "paint_color": "color"
                }
              },
              {
                "internal_type": "FontIconModule",
                "internal_events": [
                  {
                    "action": "MUSIC",
                    "music_action": "NEXT"
                  }
                ],
                "position_padding_left": 200.0,
                "position_padding_right": 0.0,
                "position_padding_top": 0.0,
                "position_anchor": "TOP",
                "icon_icon": "skip_next",
                "internal_toggles": {
                  "icon_size": 0,
                  "paint_color": 100
                },
                "internal_formulas": {
                  "icon_size": "$if(mi(state)\u003dnone,0,80)$"
                },
                "icon_size": 60.0,
                "internal_globals": {
                  "paint_color": "color"
                }
              }
            ]
          }
        ]
      },
      {
        "internal_type": "OverlapLayerModule",
        "internal_title": "Apps",
        "position_anchor": "BOTTOM",
        "position_offset_y": 152.0,
        "internal_animations": [
          {
            "type": "SCROLL",
            "center": "SCREEN2",
            "action": "FADE",
            "speed": 100
          }
        ],
        "viewgroup_items": [
          {
            "internal_type": "ShapeModule",
            "position_padding_right": 0.0,
            "position_padding_top": 0.0,
            "position_anchor": "BOTTOM",
            "shape_type": "RECT",
            "shape_width": 520.0,
            "shape_height": 500.0,
            "paint_color": "#00000000"
          },
          {
            "internal_type": "BitmapModule",
            "position_padding_left": 0.0,
            "position_padding_right": 325.0,
            "position_padding_top": 325.0,
            "position_padding_bottom": 0.0,
            "bitmap_bitmap": "kfile://org.kustom.provider/bitmaps/IMG2c9cc1509ed6a286c6653828e40fd8f0",
            "internal_events": [
              {
                "action": "LAUNCH_APP",
                "intent": "intent:#Intent;action\u003dandroid.intent.action.MAIN;category\u003dandroid.intent.category.LAUNCHER;component\u003dcom.android.contacts/com.android.dialer.DialtactsActivity;S.org.kustom.intent.label\u003dPhone;end"
              }
            ]
          },
          {
            "internal_type": "BitmapModule",
            "position_padding_left": 0.0,
            "position_padding_right": 0.0,
            "position_padding_top": 325.0,
            "position_padding_bottom": 0.0,
            "bitmap_bitmap": "kfile://org.kustom.provider/bitmaps/IMG7e5d68b4c57c22e7785d151c0645c3f0",
            "internal_events": [
              {
                "action": "LAUNCH_APP",
                "intent": "intent:#Intent;action\u003dandroid.intent.action.MAIN;category\u003dandroid.intent.category.LAUNCHER;component\u003dcom.google.android.gm/.ConversationListActivityGmail;S.org.kustom.intent.label\u003dGmail;end"
              }
            ]
          },
          {
            "internal_type": "BitmapModule",
            "position_padding_left": 325.0,
            "position_padding_right": 0.0,
            "position_padding_top": 325.0,
            "position_padding_bottom": 0.0,
            "bitmap_bitmap": "kfile://org.kustom.provider/bitmaps/IMGe9d8a1872572420a81447732526855d7",
            "internal_events": [
              {
                "action": "LAUNCH_APP",
                "intent": "intent:#Intent;action\u003dandroid.intent.action.MAIN;category\u003dandroid.intent.category.LAUNCHER;component\u003dcom.p1.chompsms/.activities.MainActivity;S.org.kustom.intent.label\u003dchompSMS;end"
              }
            ]
          },
          {
            "internal_type": "BitmapModule",
            "position_padding_left": 0.0,
            "position_padding_right": 325.0,
            "position_padding_top": 0.0,
            "position_padding_bottom": 0.0,
            "bitmap_bitmap": "kfile://org.kustom.provider/bitmaps/IMGef42615eaf5d07ddfc350872f7559aba",
            "internal_events": [
              {
                "action": "LAUNCH_APP",
                "intent": "intent:#Intent;action\u003dandroid.intent.action.MAIN;category\u003dandroid.intent.category.LAUNCHER;component\u003dcom.facebook.orca/.auth.StartScreenActivity;S.org.kustom.intent.label\u003dMessenger;end"
              }
            ]
          },
          {
            "internal_type": "BitmapModule",
            "position_padding_left": 0.0,
            "position_padding_right": 0.0,
            "position_padding_top": 0.0,
            "position_padding_bottom": 0.0,
            "bitmap_bitmap": "kfile://org.kustom.provider/bitmaps/IMG2817d2e28acab1374e509725468ea723",
            "internal_events": [
              {
                "action": "LAUNCH_APP",
                "intent": "intent:#Intent;action\u003dandroid.intent.action.MAIN;category\u003dandroid.intent.category.LAUNCHER;component\u003dcom.snapchat.android/.LandingPageActivity;S.org.kustom.intent.label\u003dSnapchat;end"
              }
            ]
          },
          {
            "internal_type": "BitmapModule",
            "position_padding_left": 325.0,
            "position_padding_right": 0.0,
            "position_padding_top": 0.0,
            "position_padding_bottom": 0.0,
            "bitmap_bitmap": "kfile://org.kustom.provider/bitmaps/IMGaf652a4184ce4a29a94b6b175b9d2140",
            "internal_events": [
              {
                "action": "LAUNCH_APP",
                "intent": "intent:#Intent;action\u003dandroid.intent.action.MAIN;category\u003dandroid.intent.category.LAUNCHER;component\u003dcom.android.chrome/com.google.android.apps.chrome.Main;S.org.kustom.intent.label\u003dChrome;end"
              }
            ]
          },
          {
            "internal_type": "BitmapModule",
            "position_padding_left": 0.0,
            "position_padding_right": 325.0,
            "position_padding_top": 0.0,
            "position_padding_bottom": 325.0,
            "bitmap_bitmap": "kfile://org.kustom.provider/bitmaps/IMG5b26f2fedb5da4da33a26bbbce350f5f",
            "internal_events": [
              {
                "action": "LAUNCH_APP",
                "intent": "intent:#Intent;action\u003dandroid.intent.action.MAIN;category\u003dandroid.intent.category.LAUNCHER;component\u003dcom.facebook.katana/.LoginActivity;S.org.kustom.intent.label\u003dFacebook;end"
              }
            ]
          },
          {
            "internal_type": "BitmapModule",
            "position_padding_left": 0.0,
            "position_padding_right": 0.0,
            "position_padding_top": 0.0,
            "position_padding_bottom": 325.0,
            "bitmap_bitmap": "kfile://org.kustom.provider/bitmaps/IMG6c455a18a72f2f168fc48cddb4a974f1",
            "internal_events": [
              {
                "action": "LAUNCH_APP",
                "intent": "intent:#Intent;action\u003dandroid.intent.action.MAIN;category\u003dandroid.intent.category.LAUNCHER;component\u003dcom.mapswithme.maps.pro/com.mapswithme.maps.DownloadResourcesActivity;S.org.kustom.intent.label\u003dMAPS.ME;end"
              }
            ]
          },
          {
            "internal_type": "BitmapModule",
            "position_padding_left": 325.0,
            "position_padding_right": 0.0,
            "position_padding_top": 0.0,
            "position_padding_bottom": 325.0,
            "bitmap_bitmap": "kfile://org.kustom.provider/bitmaps/IMG9ba67d93dc8751fd26f8512d227efc9d",
            "internal_events": [
              {
                "action": "LAUNCH_APP",
                "intent": "intent:#Intent;action\u003dandroid.intent.action.MAIN;category\u003dandroid.intent.category.LAUNCHER;component\u003dorg.floens.chan/.ui.activity.BoardActivity;S.org.kustom.intent.label\u003dClover;end"
              }
            ]
          }
        ]
      },
      {
        "internal_type": "OverlapLayerModule",
        "internal_title": "Apps",
        "position_anchor": "BOTTOM",
        "position_offset_y": 152.0,
        "internal_animations": [
          {
            "type": "SCROLL",
            "center": "SCREEN1",
            "action": "FADE",
            "speed": 100.0
          }
        ],
        "viewgroup_items": [
          {
            "internal_type": "ShapeModule",
            "position_padding_right": 0.0,
            "position_padding_top": 0.0,
            "position_anchor": "BOTTOM",
            "shape_type": "RECT",
            "shape_width": 520.0,
            "shape_height": 500.0,
            "paint_color": "#00000000"
          },
          {
            "internal_type": "BitmapModule",
            "position_padding_left": 0.0,
            "position_padding_right": 325.0,
            "position_padding_top": 325.0,
            "position_padding_bottom": 0.0,
            "bitmap_bitmap": "kfile://org.kustom.provider/bitmaps/IMGa41a014590614fa511b6fe776ecbf722",
            "internal_events": [
              {
                "action": "LAUNCH_APP",
                "intent": "intent:#Intent;action\u003dandroid.intent.action.MAIN;category\u003dandroid.intent.category.LAUNCHER;component\u003dcom.kodarkooperativet.blackplayerex/.activities.ViewPagerActivity;S.org.kustom.intent.label\u003dBlackPlayer%20EX;end"
              }
            ]
          },
          {
            "internal_type": "BitmapModule",
            "position_padding_left": 0.0,
            "position_padding_right": 0.0,
            "position_padding_top": 325.0,
            "position_padding_bottom": 0.0,
            "bitmap_bitmap": "kfile://org.kustom.provider/bitmaps/IMGffd3bfa94a444d141a08f6237e232cb4",
            "internal_events": [
              {
                "action": "LAUNCH_APP",
                "intent": "intent:#Intent;action\u003dandroid.intent.action.MAIN;category\u003dandroid.intent.category.LAUNCHER;component\u003dcom.spotify.music/.MainActivity;S.org.kustom.intent.label\u003dSpotify;end"
              }
            ]
          },
          {
            "internal_type": "BitmapModule",
            "position_padding_left": 325.0,
            "position_padding_right": 0.0,
            "position_padding_top": 325.0,
            "position_padding_bottom": 0.0,
            "bitmap_bitmap": "kfile://org.kustom.provider/bitmaps/IMG6c9debce356936a2c1bb8361cc87abbb",
            "internal_events": [
              {
                "action": "LAUNCH_APP",
                "intent": "intent:#Intent;action\u003dandroid.intent.action.MAIN;category\u003dandroid.intent.category.LAUNCHER;component\u003dcom.shazam.android/.activities.SplashActivity;S.org.kustom.intent.label\u003dShazam;end"
              }
            ]
          },
          {
            "internal_type": "BitmapModule",
            "position_padding_left": 0.0,
            "position_padding_right": 325.0,
            "position_padding_top": 0.0,
            "position_padding_bottom": 0.0,
            "bitmap_bitmap": "kfile://org.kustom.provider/bitmaps/IMG8e9ed21f4d26dc5df38104529b31c006",
            "internal_events": [
              {
                "action": "LAUNCH_APP",
                "intent": "intent:#Intent;action\u003dandroid.intent.action.MAIN;category\u003dandroid.intent.category.LAUNCHER;component\u003dcom.cav.foobar2000controller/.MainActivity;S.org.kustom.intent.label\u003dfoobar2000%20controller;end"
              }
            ]
          },
          {
            "internal_type": "BitmapModule",
            "position_padding_left": 0.0,
            "position_padding_right": 0.0,
            "position_padding_top": 0.0,
            "position_padding_bottom": 0.0,
            "bitmap_bitmap": "kfile://org.kustom.provider/bitmaps/IMG952ef4d76b87b4f7ef1a908211fcdbe5",
            "internal_events": [
              {
                "action": "LAUNCH_APP",
                "intent": "intent:#Intent;action\u003dandroid.intent.action.MAIN;category\u003dandroid.intent.category.LAUNCHER;component\u003dorg.twinone.irremote/.ui.MainActivity;S.org.kustom.intent.label\u003dIR%20Remote;end"
              }
            ]
          },
          {
            "internal_type": "BitmapModule",
            "position_padding_left": 325.0,
            "position_padding_right": 0.0,
            "position_padding_top": 0.0,
            "position_padding_bottom": 0.0,
            "bitmap_bitmap": "kfile://org.kustom.provider/bitmaps/IMG82cb42315889e77bff029cba49eaecdf",
            "internal_events": [
              {
                "action": "LAUNCH_APP",
                "intent": "intent:#Intent;action\u003dandroid.intent.action.MAIN;category\u003dandroid.intent.category.LAUNCHER;component\u003dcom.sec.android.app.camera/.Camera;S.org.kustom.intent.label\u003dCamera;end"
              }
            ]
          },
          {
            "internal_type": "BitmapModule",
            "position_padding_left": 0.0,
            "position_padding_right": 325.0,
            "position_padding_top": 0.0,
            "position_padding_bottom": 325.0,
            "bitmap_bitmap": "kfile://org.kustom.provider/bitmaps/IMGc9442abffe959a0c73be8160e86429e6",
            "internal_events": [
              {
                "action": "LAUNCH_APP",
                "intent": "intent:#Intent;action\u003dandroid.intent.action.MAIN;category\u003dandroid.intent.category.LAUNCHER;component\u003dcom.amaze.filemanager/.activities.MainActivity;S.org.kustom.intent.label\u003dAmaze;end"
              }
            ]
          },
          {
            "internal_type": "BitmapModule",
            "position_padding_left": 0.0,
            "position_padding_right": 0.0,
            "position_padding_top": 0.0,
            "position_padding_bottom": 325.0,
            "bitmap_bitmap": "kfile://org.kustom.provider/bitmaps/IMGb1f11581f5c049b2c83d33995824e34b",
            "internal_events": [
              {
                "action": "LAUNCH_APP",
                "intent": "intent:#Intent;action\u003dandroid.intent.action.MAIN;category\u003dandroid.intent.category.LAUNCHER;component\u003dcom.sec.att.devicehealthshortcut/.DeviceHealthShortcut;S.org.kustom.intent.label\u003dUsage%20Manager;end"
              }
            ]
          },
          {
            "internal_type": "BitmapModule",
            "position_padding_left": 325.0,
            "position_padding_right": 0.0,
            "position_padding_top": 0.0,
            "position_padding_bottom": 325.0,
            "bitmap_bitmap": "kfile://org.kustom.provider/bitmaps/IMG9a724371d7c0e67f3da1df06155f3a63",
            "internal_events": [
              {
                "action": "LAUNCH_APP",
                "intent": "intent:#Intent;action\u003dandroid.intent.action.MAIN;category\u003dandroid.intent.category.LAUNCHER;component\u003dcom.alensw.PicFolder/.GalleryActivity;S.org.kustom.intent.label\u003dQuickPic;end"
              }
            ]
          }
        ]
      }
    ]
  }
}